{"A":[42.325513693037834,35.56041633071163,12.38314969571556,40.128304941590045,41.59313946905664,45.615853573284596,43.37990621575554,43.06548758400709,51.53443812014555,67.661289220729,70.06745597541948,66.6855827927933,69.44289295522955,69.77174642573709,87.6971636609158,89.26655366767724,88.98480887779672,91.18233565556304,86.1979092215629,86.63874646745455,98.9480773024178,54.74780165633689,40.29082831771845,48.818409923116064,48.818409923116064,50.973049468720745,42.777310762364806],"B":[52.47927513443585,29.54196310386876,4.594316186372978,40.11227255423254,43.83704292474053,46.36624620543649,46.794800995054466,47.00439718141092,49.06890595608519,39.77279923499917,34.59431618637298,31.49747119504682,31.292830169449672,30.874628412503398,17.548875021634693,15.84962500721157,24.918530963296746,19.06890595608519,16.438561897747242,16.438561897747242,19.54196310386876,31.49747119504682,27.279204545632,31.49747119504682,31.49747119504682,31.292830169449672,29.77279923499917],"C":[0.0,0.0,0.0,38.28124999970093,48.19277108404704,51.01010100984339,51.96078431347079,52.6570048306635,59.83263598301326,78.3999999993728,77.01149425198837,81.42857142740816,82.60869565097668,80.59701492417018,80.76923076612425,73.91304347504726,61.363636362241735,55.172413791200945,45.83333333142361,45.83333333142361,36.66666666544444,32.85714285667346,26.923076922559176,29.999999999571425,29.999999999571425,30.43478260825457,32.258064515608744]}