{"A":[100.0,100.0,0.5319098771175419,5.000001124244591E-8,5.000001124244591E-8,5.000001124244591E-8,5.000001124244591E-8,5.000001124244591E-8,5.000001124244591E-8,5.000001124244591E-8,5.000001124244591E-8,5.000001124244591E-8,21.505291838798712,20.539178071948612,22.576529060786726,22.576529060786726,22.576529060786726,22.576529060786726,0.33142625757160715,2.2375000000351974E-5,2.2375000000351974E-5,2.2375000000351974E-5,2.2375000000351974E-5,2.2375000000351974E-5,2.2375000000351974E-5,2.2375000000351974E-5,2.5050000004966932E-5,2.5050000004966932E-5,2.5050000004966932E-5,2.5050000004966932E-5,2.5050000004966932E-5,2.5050000004966932E-5,2.5050000004966932E-5,2.5050000004966932E-5,2.5050000004966932E-5,2.5050000004966932E-5,2.5050000004966932E-5,2.5050000004966932E-5,2.5050000004966932E-5,2.5050000004966932E-5,2.5050000004966932E-5,2.5050000004966932E-5,2.5050000004966932E-5,2.5050000004966932E-5,2.5050000004966932E-5,2.5050000004966932E-5],"B":[20.0,19.54196310386876,0.0,0.0,0.0,0.0,0.0,0.0,0.0,0.0,0.0,0.0,29.06890595608519,32.094533656289514,32.288186904958806,32.288186904958806,32.288186904958806,32.288186904958806,10.0,0.0,0.0,0.0,0.0,0.0,0.0,0.0,0.0,0.0,0.0,0.0,0.0,0.0,0.0,0.0,0.0,0.0,0.0,0.0,0.0,0.0,0.0,0.0,0.0,0.0,0.0,0.0],"C":[0.0,0.0,0.0,0.0,0.0,0.0,0.0,0.0,0.0,0.0,0.0,0.0,0.0,0.0,0.0,0.0,0.0,0.0,0.0,0.0,0.0,0.0,0.0,0.0,0.0,0.0,0.0,0.0,0.0,0.0,0.0,0.0,0.0,0.0,0.0,0.0,0.0,0.0,0.0,0.0,0.0,0.0,0.0,0.0,0.0,0.0]}