{"A":[46.211715725999966,54.05363763098251,50.034193446517264,2.0607174546084366,0.0019416499997646497,0.0019416499997646497,0.0019416499997646497,0.0019416499997646497,0.0019416499997646497,0.0019416499997646497,0.0019416499997646497,0.0019416499997646497,0.0019416499997646497,0.0019416499997646497,0.0019416499997646497,0.0019416499997646497,0.0019416499997646497,0.0019416499997646497,0.0019416499997646497,0.0019416499997646497,0.0019416499997646497],"B":[30.0,28.57980995127572,17.004397181410926,0.0,0.0,0.0,0.0,0.0,0.0,0.0,0.0,0.0,0.0,0.0,0.0,0.0,0.0,0.0,0.0,0.0,0.0],"C":[22.22222222186949,24.56140350834103,55.99999999776,99.99999994999999,0.0,0.0,0.0,0.0,0.0,0.0,0.0,0.0,0.0,0.0,0.0,0.0,0.0,0.0,0.0,0.0,0.0]}