{"A":[46.27650815491657,46.40425406107079,43.975028668290264,42.23289022582057,39.63332549843787,41.48094019762365,33.81980701734207,27.05338743356718,27.680337833736957],"B":[73.56451970221755,75.54588851677637,74.66586337719247,73.83704292474052,71.98445041452362,68.4235034341381,65.71752643503545,62.479275134435866,60.2513956227851],"C":[24.656488549599498,26.08117099133328,28.359264497858305,33.408239700349505,34.838160136256526,33.58778625950536,35.263157894690444,32.948929159748026,35.76923076916198]}