{"A":[3.270999999926971E-4,3.270999999926971E-4,3.270999999926971E-4,3.270999999926971E-4,3.270999999926971E-4,3.270999999926971E-4,3.270999999926971E-4,3.270999999926971E-4,3.270999999926971E-4,3.270999999926971E-4,4.7302499999091197E-4,4.7302499999091197E-4,4.7302499999091197E-4,4.7302499999091197E-4,4.7302499999091197E-4],"B":[0.0,0.0,0.0,0.0,0.0,0.0,0.0,0.0,0.0,0.0,0.0,0.0,0.0,0.0,0.0],"C":[0.0,0.0,0.0,0.0,0.0,0.0,0.0,0.0,0.0,0.0,0.0,0.0,0.0,0.0,0.0]}