{"A":[41.052606015447566,9.592999999625818E-4],"B":[3.2192809488736263,0.0],"C":[0.0,0.0]}