{"A":[47.616886545227175,47.47914005089797,47.383644641562654,46.438447188481234,46.211715725935164,45.866360148709674,46.725557409663196,49.21498122699529,49.98561267444782,51.46595015984744,34.03850190337741,35.44641864228842,36.64374359173661,37.75772923425757,39.53976070446089,43.6078085387322,50.02033003889974,54.0538864156251,58.59919544602181,58.257002203828876,51.34081939701974,51.51184488585966,48.323043872063835,49.50767239617127,53.95464829425126,50.83469985873222,50.232091136563696,49.37321592085078,48.61651728731752],"B":[63.772105303885525,65.94324603924848,65.7742882803575,69.39579214314692,75.27477006060396,75.31381460516313,75.88714635582264,75.980525001616,76.27533884472791,75.3818893205242,68.84170519108436,68.6573327085176,68.21773981970567,68.62637357558795,68.6573327085176,68.9026427702111,69.82993574694311,70.22367813028454,70.0702726689397,70.8746284125034,71.84875342908283,72.6912667914942,72.53847484987404,75.07794640198696,82.13104219641907,82.90018846932618,83.43740918472201,83.02067672526519,84.14685235807215],"C":[53.3132530119679,52.97927461133034,51.900393184728834,52.80326197752008,56.61016949148704,56.051386071632145,55.945419103277494,57.84377017426866,57.36875395315789,56.594885598885206,52.11864406774141,46.99570815445601,47.34513274331046,42.04301075264297,40.98712446347534,38.71308016873554,39.76261127592507,36.862367661177224,35.894941634206326,34.222631094724726,37.747205502976996,41.60583941602465,44.91803278684843,53.12714776628651,54.65655288661835,57.371154614439725,57.929176289431126,59.033280507108145,57.56687431291405]}