{"A":[72.49383023252079,73.51115228801325,73.51115228801325,71.07947968939612],"B":[18.073549220576037,26.14709844115208,26.14709844115208,23.219280948873624],"C":[22.222222221399175,27.0833333327691,27.0833333327691,33.33333333247864]}