{"A":[46.90336321124494,48.958670840316955,57.711316887049065,54.687976410738116,51.90071862648003,53.79132676812054,53.846970038993874,55.06616795287661,55.376065380638835,55.47862298096476,58.17270686328749],"B":[56.147098441152075,55.88714635582265,59.82993574694311,60.41659151637216,61.84875342908285,66.1286849729104,68.29722735086058,67.58223214726725,64.73705749619414,62.479275134435866,60.794847838268154],"C":[45.012787723670044,45.312499999882,48.11881188109284,48.859315589260724,42.68502581748247,34.015345268498706,36.52365236519635,35.95375722539196,34.084507042205516,34.596375617735426,39.074074074001715]}