{"A":[46.21171572598976,12.87240528691622,10.730782605252685,16.072628232621852,63.8128161557035,52.627192556880544,1.7519999998683033E-4,24.539820185219327,26.525696304743235,26.525696304743235,26.525696304743235,26.525696304743235,25.225830735046245,1.706585791574696,99.56638125894943,82.63503495540013,82.63503495540013,64.19254724938122,64.54834344385836,83.69380602414194,0.9970939518140796,17.707547466902042,18.087416140980025,18.24613874511384,18.760128757024134,18.760128757024134,99.97745154738973,100.0,100.0,100.0,100.0,100.0,1.0912928932713868,1.0912928932713868,1.0912928932713868,1.0912928932713868,1.0912928932713868,1.0912928932713868,2.2490000000630062E-4,0.09061404072012635,0.3864868447328007,0.3864868447328007],"B":[40.0,27.004397181410926,24.26264754702098,22.0945336562895,15.84962500721157,0.0,0.0,1.699250014423126,8.073549220576037,8.073549220576037,8.073549220576037,8.073549220576037,9.068905956085187,0.0,3.2192809488736263,5.849625007211565,8.073549220576037,9.068905956085187,9.068905956085187,8.073549220576037,10.0,15.23561956057013,14.594316186372973,14.594316186372973,13.923174227787607,13.923174227787607,10.0,0.0,0.0,0.0,0.0,0.0,0.0,0.0,0.0,0.0,0.0,0.0,0.0,0.0,0.0,0.0],"C":[8.661417322766447,11.76470588212226,14.285714285374151,13.888888888503088,8.695652173534972,0.0,0.0,87.4999999890625,76.92307691715976,76.92307691715976,76.92307691715976,76.92307691715976,78.57142856581632,57.142857134693884,11.111111109876543,27.27272727024793,23.076923075147928,21.428571427040815,14.285714284693876,15.384615383431951,19.999999998666667,4.545454545247933,9.52380952335601,14.285714285034013,14.999999999249999,14.999999999249999,13.333333332444445,33.33333332777777,19.999999996,0.0,0.0,0.0,49.99999999166667,49.99999999166667,49.99999999166667,49.99999999166667,49.99999999166667,49.99999999166667,0.0,49.999999974999994,49.99999999166667,49.99999999166667]}