{"A":[10.718690572266027,4.412837125732054,4.349278129535136,0.6851904081656102],"B":[7.004397181410922,3.2192809488736263,1.699250014423126,0.0],"C":[58.33333332847223,44.44444443950617,37.4999999953125,0.0]}