{"A":[46.211715726000875,46.211715726000875,43.113425107884154,43.113425107884154,43.113425107884154,0.020566249710043394,0.020566249710043394,0.020566249710043394,46.21171568667859,46.21171568667859,51.973143865346515,48.425548704192124,48.34577302301949,50.88853888173506,25.31465188531257,22.674026382498482],"B":[0.0,0.0,0.0,0.0,0.0,0.0,0.0,0.0,34.918530963296746,39.06890595608519,50.22367813028454,50.980320829605276,52.143191208007664,52.38404739325078,50.92757140919852,52.94620748891626],"C":[33.33333332777777,33.33333332777777,74.99999998125,74.99999998125,74.99999998125,99.99999989999999,99.99999989999999,99.99999989999999,13.483146067264235,29.411764705635196,53.66795366774646,53.47985347965758,54.05405405387144,54.485049833706036,71.69117647032466,72.84345047900051]}