{"A":[97.06168555422195,33.07844289511891,33.07844289511891,33.07844289511891,33.07844289511891,33.07844289511891,2.346499999958951E-4,2.346499999958951E-4,2.346499999958951E-4,2.346499999958951E-4,2.346499999958951E-4,2.346499999958951E-4,2.346499999958951E-4,2.346499999958951E-4,2.346499999958951E-4,100.0,100.0,100.0,100.0,100.0,100.0,1.542749999998705E-4,1.542749999998705E-4,1.542749999998705E-4,1.542749999998705E-4,1.542749999998705E-4],"B":[9.068905956085187,0.0,0.0,0.0,0.0,0.0,0.0,0.0,0.0,0.0,0.0,0.0,0.0,0.0,0.0,0.0,0.0,0.0,0.0,0.0,0.0,0.0,0.0,0.0,0.0,0.0],"C":[0.0,0.0,0.0,0.0,0.0,0.0,0.0,0.0,0.0,0.0,0.0,0.0,0.0,0.0,0.0,19.999999996,19.999999996,19.999999996,19.999999996,19.999999996,19.999999996,0.0,0.0,0.0,0.0,0.0]}