{"A":[46.21171572599229,47.20206659883908,38.6286671996443,42.98320668718776,25.052679814611437,26.352449472585377,12.793338666779036,2.3777500000221607E-4,2.3777500000221607E-4,2.3777500000221607E-4,15.696326264398564,19.421378189218686,21.898761448221265,39.1151467844922,36.36837971391253,35.203125402598715,41.17037166235761,44.03451487173467,40.167485236299086,27.922846605700812,28.626121395292216,28.90432772976129,26.801117598598964,27.67940995924893,27.364723148199417,27.4117822317164,26.573539765793683,27.278159101719083,24.599088680687288,23.70322717840746,20.88204966904823,28.101618684993753,30.78930701040528,34.845105828235916,37.46695232325678,40.00010323676199,35.09601783415016,23.84654959566781,80.5914419273333,82.67336735970034,89.49297321587525,81.23469587538776,95.80678842256131,99.61243439028422,86.21749937237769,89.08065048283231,86.60400791976684,96.10583430817866,99.16466791977197,82.58201410062867,98.35156547410205,98.92545766379826,99.78622365911727,99.99999993495626,99.99047100166004,99.99999999996311,99.99999829246676,99.99991053074515,99.99999076207837,99.99998803314645,99.99999701841338,99.99999312717574,99.9999999946379,99.99999999945518,99.99999952665425,99.98424251791397,99.96381252444834,99.71724800633078,99.9962883610751,99.99168080509466,99.99634854307905,99.99997274344969,99.99999999978232,99.9999999474073,99.99993888488342,99.99999957332761,99.99999991749263,99.99999999990061,99.99999997172657,100.0,100.0,99.99999999988916,99.99999999984763,99.98607158596297,99.98796252558736,98.23660824824165,98.2584825481797,99.98819418471217,99.98679468209738,99.99999999950506,100.0,100.0,100.0,100.0,100.0],"B":[47.279204545632,44.757334309663975,36.582114827517955,32.85402218862249,25.545888516776376,22.0945336562895,10.8746284125034,0.0,0.0,0.0,20.443941193584536,29.54196310386876,35.23561956057013,47.414669864011465,48.948177633079446,49.4251450533924,51.49747119504683,51.99672344836364,53.57552004618084,51.29283016944966,53.083390301394076,54.30452551665532,53.30916878114618,53.083390301394076,52.57387842692651,50.22367813028454,48.39203788096945,48.57980995127572,48.07354922057604,49.06890595608519,48.008998999203044,50.27905996569885,51.085244567781686,50.168082876865526,48.8874324889826,46.65335917185176,46.65335917185176,44.42943495848729,44.99845887083205,43.923174227787605,44.008794362821845,46.93486957499325,49.30737337562887,48.70364719583405,46.07330313749611,46.582114827517955,46.07330313749611,49.06890595608519,48.6418614465428,50.38918989292302,51.799090900149345,52.47927513443585,53.12882955284357,50.92757140919852,48.45490050944376,48.265484872909155,46.582114827517955,44.83815777264256,45.999128421871276,42.66786540694902,42.09453365628949,39.30737337562887,38.32890014164742,37.944158663501064,33.9231742277876,35.23561956057013,35.077946401986964,31.898245588800176,36.147098441152096,36.147098441152096,35.999128421871276,35.999128421871276,37.279204545631984,38.57980995127572,38.201789624151886,39.54196310386876,38.82643049361842,39.77279923499917,38.32890014164742,38.57980995127572,35.23561956057013,34.42943495848729,34.757334309663975,38.45490050944376,38.82643049361842,35.84962500721156,35.54588851677637,36.147098441152096,35.077946401986964,21.69925001442312,23.219280948873624,23.219280948873624,22.479275134435852,27.548875021634693,32.85402218862249],"C":[0.0,0.0,0.0,0.0,0.0,0.0,0.0,0.0,0.0,0.0,0.0,0.0,0.0,0.0,0.0,0.0,0.0,0.0,0.0,0.0,0.0,0.0,0.0,0.0,0.0,0.0,0.0,0.0,0.0,0.0,0.0,0.0,0.0,0.0,0.0,0.0,5.940594059376532,10.98265895947409,14.99999999991667,18.562874251385853,23.214285714147536,23.786407766874827,19.341563785928635,19.313304720947155,21.134020618447764,18.905472636721864,15.979381443216603,26.778242677712228,30.60344827573016,31.297709923544666,28.373702422047153,28.382838283734714,28.391167192339463,24.264705882263733,24.890829694214453,25.66371681404574,28.855721392891265,30.337078651514958,29.53367875632366,29.411764705690118,30.61224489775094,29.752066115456593,30.088495574954965,30.909090908809915,34.93975903572362,28.5714285711146,27.777777777469137,30.55555555513117,28.865979381145713,28.865979381145713,28.12499999970703,34.37499999964192,31.428571428272107,28.695652173663515,28.571428571173467,28.455284552614184,29.059829059580682,27.1999999997824,30.088495574954965,33.04347826058223,37.36263736222678,40.69767441813142,38.63636363592459,30.701754385695594,25.641025640806486,22.10526315766205,20.43010752666204,21.649484535859283,23.333333333074073,28.571428570612245,33.33333333247864,33.33333333247864,35.13513513418554,28.301886791918836,24.675324675004216]}