{"A":[58.01608622859709,12.785065774344318,3.530746989012826,65.0410930206051,1.1709999999709453E-4,1.1709999999709453E-4,1.1709999999709453E-4,1.1709999999709453E-4,1.1709999999709453E-4,1.1709999999709453E-4,1.1709999999709453E-4,1.1709999999709453E-4,1.1709999999709453E-4,1.1709999999709453E-4,1.1709999999709453E-4,1.1709999999709453E-4,1.1709999999709453E-4,1.1709999999709453E-4,1.1709999999709453E-4,1.1709999999709453E-4,1.1709999999709453E-4,1.1709999999709453E-4,1.1709999999709453E-4,1.1709999999709453E-4,1.1709999999709453E-4,1.1709999999709453E-4,1.1709999999709453E-4,1.1709999999709453E-4,1.1709999999709453E-4,1.1709999999709453E-4,1.1709999999709453E-4,1.1709999999709453E-4,1.1709999999709453E-4,1.1709999999709453E-4,1.1709999999709453E-4,1.1709999999709453E-4,1.1709999999709453E-4,1.1709999999709453E-4,1.1709999999709453E-4,1.1709999999709453E-4,1.1709999999709453E-4,1.1709999999709453E-4,1.1709999999709453E-4,1.1709999999709453E-4,1.1709999999709453E-4,1.1709999999709453E-4,1.1709999999709453E-4,1.1709999999709453E-4,1.1709999999709453E-4,1.1709999999709453E-4,1.1709999999709453E-4,1.1709999999709453E-4,1.1709999999709453E-4,1.1709999999709453E-4,1.1709999999709453E-4,1.1709999999709453E-4,1.1709999999709453E-4,1.1709999999709453E-4,1.1709999999709453E-4,1.1709999999709453E-4,1.1709999999709453E-4],"B":[34.757334309663975,21.292830169449665,17.548875021634693,0.0,0.0,0.0,0.0,0.0,0.0,0.0,0.0,0.0,0.0,0.0,0.0,0.0,0.0,0.0,0.0,0.0,0.0,0.0,0.0,0.0,0.0,0.0,0.0,0.0,0.0,0.0,0.0,0.0,0.0,0.0,0.0,0.0,0.0,0.0,0.0,0.0,0.0,0.0,0.0,0.0,0.0,0.0,0.0,0.0,0.0,0.0,0.0,0.0,0.0,0.0,0.0,0.0,0.0,0.0,0.0,0.0,0.0],"C":[0.0,0.0,0.0,0.0,0.0,0.0,0.0,0.0,0.0,0.0,0.0,0.0,0.0,0.0,0.0,0.0,0.0,0.0,0.0,0.0,0.0,0.0,0.0,0.0,0.0,0.0,0.0,0.0,0.0,0.0,0.0,0.0,0.0,0.0,0.0,0.0,0.0,0.0,0.0,0.0,0.0,0.0,0.0,0.0,0.0,0.0,0.0,0.0,0.0,0.0,0.0,0.0,0.0,0.0,0.0,0.0,0.0,0.0,0.0,0.0,0.0]}