{"A":[81.35752723761482,2.744628697151299,6.626186334288747,36.02086666536613,36.02086666536613,22.083569048678726,69.53271206068001,69.53271206068001,86.33748133529113,93.1818032283299,93.1818032283299,93.28256632615899,99.80708484874282,99.39743371178017,1.0495778657442116,1.0495778657442116,1.0495778657442116,1.0495778657442116,1.0495778657442116,0.27804679563446655,74.16733966237001,74.16733966237001,80.1574672044259,52.59052617091885,52.59052617091885,52.59052617091885,0.14692309553431926,0.14692309553431926,2.3424054844365685,1.1589999999728207E-4,1.1589999999728207E-4,1.1589999999728207E-4,1.1589999999728207E-4,1.1589999999728207E-4,1.1589999999728207E-4,1.1589999999728207E-4,1.1589999999728207E-4,1.1589999999728207E-4,1.1589999999728207E-4,1.1589999999728207E-4,1.1589999999728207E-4,1.1589999999728207E-4,1.1589999999728207E-4],"B":[22.854022188622487,5.849625007211565,0.0,0.0,0.0,1.699250014423126,11.699250014423122,10.0,15.84962500721157,12.479275134435852,12.479275134435852,11.699250014423122,1.699250014423126,5.849625007211565,0.0,0.0,0.0,0.0,0.0,0.0,4.594316186372978,1.699250014423126,3.2192809488736263,5.849625007211565,5.849625007211565,5.849625007211565,0.0,0.0,0.0,0.0,0.0,0.0,0.0,0.0,0.0,0.0,0.0,0.0,0.0,0.0,0.0,0.0,0.0],"C":[34.2105263148892,18.181818180165287,16.666666663888886,42.857142851020406,42.857142851020406,37.4999999953125,29.411764704152247,26.66666666488889,43.478260867674855,44.44444444197531,44.44444444197531,47.0588235266436,74.999999990625,63.63636363057851,24.99999999375,33.33333332777777,33.33333332777777,33.33333332777777,33.33333332777777,33.33333332222222,39.999999996,37.4999999953125,33.333333329629625,45.45454545041323,45.45454545041323,45.45454545041323,66.66666664444443,66.66666664444443,99.99999994999999,0.0,0.0,0.0,0.0,0.0,0.0,0.0,0.0,0.0,0.0,0.0,0.0,0.0,0.0]}