{"A":[6.290000000319651E-5,89.23476744607774,53.13211870063773],"B":[0.0,19.06890595608519,49.36637939002572],"C":[0.0,0.0,10.245901639302271]}