{"A":[41.46355097383744,19.386359179223703,19.29114389084053,30.98064112698688,28.084845360869963,46.680164326514216,92.50164651139823,99.95217612269806,99.9997428334126,99.99999223744325,99.99999800074366,99.99999995682884,100.0,100.0,96.40275799345153,99.50547536571324,99.81778975984557,99.9329299733703,99.9329299733703,99.99954793513456,0.8938309437374699,1.5162772243267852,10.15900790443267,9.02708351263972,10.409912015754031,3.990275599629342,1.7332624553450273,1.144988128103904,0.18285229519506174,0.19770055519514074,0.18285229519506174,0.14731547614753993,0.3296432608821789,0.5553294757275609,0.9270834126195382,0.9270834126195382,1.044894049620865,4.114685247934645,5.930532489483085,6.973954823052509,9.378299749611386,9.623590018166595,12.43530017707971,27.15823903365434,0.24525167782020674,0.24525167782020674,0.24525167782020674],"B":[56.68884984266248,51.6490692667569,46.582114827517955,45.924570372680805,41.59871336778389,41.89824558880018,47.14245517666122,47.00439718141092,49.36637939002572,48.6418614465428,48.57980995127572,47.81359713524661,38.94817763307944,36.29356620079609,58.51749041416058,59.71543553950772,59.77279923499918,59.21840937074491,59.30737337562887,60.525680508041546,39.54196310386876,36.147098441152096,42.384047393250796,41.39551352398794,41.0852445677817,35.84962500721156,35.39158811108032,35.39158811108032,26.724253419714962,26.438561897747242,26.724253419714962,27.004397181410926,26.724253419714962,27.279204545632,21.69925001442312,25.84962500721157,27.548875021634693,38.07354922057604,42.288186904958806,40.8746284125034,40.3342300153745,39.4251450533924,39.886846867721665,31.292830169449672,13.923174227787607,12.479275134435852,12.479275134435852],"C":[39.65517241369543,49.30069930052692,47.26368159180466,48.43749999974772,42.253521126463006,44.137931034178365,25.358851674519816,17.874396135179353,14.34426229502318,12.931034482702882,11.68831168826109,5.022831050205375,0.0,0.0,8.893709327529514,9.98003992013976,10.337972166977458,12.603305785097927,12.936344969172616,14.52830188676504,37.39837398343578,48.45360824692316,41.33333333305778,37.85714285687245,37.22627737199105,38.94736842064266,31.52173913009215,21.739130434546315,13.99999999972,14.28571428542274,13.99999999972,13.725490195809305,11.999999999760002,11.538461538239646,5.7142857141224495,14.893617020959713,13.207547169562122,20.720720720534047,26.845637583712445,28.888888888674902,29.999999999769233,29.508196721069602,31.74603174577979,34.78260869514808,29.999999998499998,33.33333333148148,33.33333333148148]}