{"A":[45.22059661276322,53.28961959911612,55.51414704680238,54.731884498404696,56.622821132031476,60.66774655505489,56.763489458395895,56.35541337701474,61.81075425498159,63.303658230453664,66.28932786758668,46.997125710217375,49.55189745577411,63.436331493886144,59.893518742558285,48.8131626871444,48.985153346762814,49.28261285815728,51.477297830551834,32.55457413241436,36.12934762397779,38.96555248548697,43.95103421752751,63.40590301089506,60.115087591182174,57.483534215658494,65.95605392997595,66.45044539762765,76.15941559552343,48.66666617162775,50.19771684439712,54.32952823056439,45.64983003843372,57.95201206068165,49.37278901923753,58.19036284083754],"B":[55.39158811108031,58.8264304936184,60.11227255423254,62.479275134435866,63.26429487122303,66.25708843064466,65.69855608330948,64.75733430966399,65.09775004326939,63.64134655008051,62.45552706255683,57.00439718141092,58.3605035505807,57.58223214726725,55.58420713268666,54.47083226209653,54.38791852578261,53.880172853451356,51.84875342908285,49.77279923499917,54.91853096329676,57.279204545631984,60.525680508041546,62.73795599214266,61.54818109052105,61.87352073200497,61.82394353404529,60.821490413538726,60.19590728357882,58.57980995127573,59.600019320680815,60.41659151637216,56.93486957499326,59.483672315846775,56.18385502258606,54.594316186372964],"C":[33.69272237187684,40.55201698505191,40.194174757203506,40.856672158087555,43.057722308825184,35.994930291462616,36.6271409749188,34.880450070274435,33.516483516437475,32.370820668643816,32.34323432337897,41.20481927700915,46.92982456130059,55.32407407394601,58.51063829771673,60.91954022971,60.115606936242436,60.479041915986585,55.51724137911891,43.824701195044526,41.22562674083225,39.7163120566437,40.94339622633784,35.92233009702925,35.676625658988264,36.59793814426702,37.58620689648692,36.7837338261797,34.94208494201749,40.60475161978271,36.619718309785476,31.55893536115673,29.539951573778357,28.803245436047053,25.76530612238325,22.222222222158912]}