{"A":[51.65308051515922,46.284473865904914,46.35716969573983,3.1305205297484093,4.780975688029741,4.780975688029741,14.212786057498548,15.375197139923301],"B":[23.923174227787605,23.575520046180838,21.292830169449665,13.219280948873626,5.849625007211565,5.849625007211565,4.594316186372978,4.594316186372978],"C":[0.0,2.4999999999375,5.882352941003461,10.526315788919668,18.181818180165287,18.181818180165287,19.999999998,9.999999999]}