{"A":[43.60171724468148,46.17222626037508,46.76264166192391,47.37624114800511,49.49435427773727,50.03250087929334,42.103962216792326,37.108248590707035,33.61332129193505,38.18717629676519,34.34662792598857,37.585155696893935,37.71396247752551,36.985284777631506,41.272302099249146,41.466429399372856,45.28435508084101,36.14333978094248,38.507440992405634,36.453102607194324,35.09037043029625,36.036727055608424,43.546065287838076,46.21171572596873,49.31082161399459,54.707509819050074,58.14413857344468,60.84990596763177,38.33261752987042,36.39657278228043,32.78087172990462,22.251881084605202,22.757393090466792,27.641148888421483,38.9640819678161,42.56944227643706,47.71863835977888,51.44577657912561,58.62459729466573,63.60698430407092,75.0125857761497,79.2131502763967,77.43204553592804,74.04884517422585,74.89516499242751,77.89720591169242,77.21352694962701,77.32402592056684,76.99112091574443,79.23735651002721,58.56718760294106,47.96962447736891,63.923971117497814,61.98148229425715,63.019258722481055,60.170782046528814,66.5373695615053,66.08824112482168,54.95112221295244,58.48364194176855,60.668999912695455,82.5207205209245,84.43378839766751,80.19249164344507,87.0831984911135,83.38798524525069,75.42876397413008,67.61092040619994,61.56726244369142,62.236249051803185,50.59031238506893,46.21171572596066,41.31306690613309,34.98978782533004,29.91149235684395,19.333179261884467,17.785559634415193,16.31132004017735,16.871012845748055,17.126652609911943,13.32019260109685,18.12252552103581,19.4606631774368,18.676777554956217,18.523010045587682,16.672165952499967,20.400948233861158,22.553768025291816,22.83594193681033,30.00456536963398,38.7559233293525,43.82334062426233,43.22161609031042,48.296252327189535,52.74965407307218,47.86349887527052,47.16189842880789,42.19977984642128,47.179281559869935,43.043354049131125,49.29508597554445,48.39237350918697,47.57483743433792,48.35700055783016],"B":[76.93486957499326,77.52380646552893,77.73963368433557,76.96098170955864,74.70658874060553,73.5974956032233,71.86114239541644,71.49747119504683,71.53552031708111,71.58609688214477,69.74414589805528,69.4251450533924,68.39203788096944,67.36401931318291,66.93486957499326,67.54887502163469,70.27905996569885,70.90112419664288,72.32420927176076,72.59743263690781,72.95768934420508,73.10612781659529,74.77758266443888,74.34628227636723,72.85402218862248,73.73952655370192,72.24001674198105,70.68778277985415,66.54636028527968,66.23881490013459,66.43856189774725,62.69126679149419,66.84748620421627,70.52568050804155,75.64149489985732,76.7595703294175,77.48192849589459,78.78817284614229,77.87902559391432,75.86839787961827,69.94353436858859,69.09893083770042,73.01496194982549,72.39598529249123,73.25305455089683,74.66586337719247,75.79315937580014,74.52241240430817,69.92938336165814,68.04131021183318,66.14709844115208,64.67605550082996,67.31319031025065,68.71905237659186,72.10671343785621,73.33155350310618,75.0084187955693,74.2836017270429,71.67418145831739,69.77279923499918,67.66528908598865,68.29722735086058,71.21533517340033,74.01946123976536,76.19302955415688,77.9116288855502,78.54868383260238,79.04634621668151,77.03038388986417,75.4399845013454,73.78294855911892,73.00352560328221,70.22367813028454,68.18582177480857,67.79719355143405,67.12527000439823,66.3299519714296,65.01837184902297,66.2935662007961,66.5105169117893,65.92457037268082,67.41466986401147,68.12177305514447,68.73444112515378,68.9178370321831,69.18863237274594,71.84875342908283,72.60919533662906,73.65228849251545,75.98982971036092,77.2451385311995,77.98471801101618,77.07359132080883,78.37627933171404,78.98601387403937,76.96967526234288,78.24958740528523,78.39991070539887,79.01621158346111,78.53309555403675,79.80853606379736,81.13090983442382,80.3823313473178,80.68778277985415],"C":[11.72205438065757,10.962877030156054,10.228571428565584,9.951749095289534,8.039492242589535,10.434120335102486,17.268041237098565,22.731277533019618,25.65905096658554,32.31173380032197,36.417910447724964,33.977619532010195,29.50819672127923,26.408450704194358,29.625151148694528,30.359212050949758,32.02301054646978,34.802571166175575,35.19134775371449,35.67346938772598,36.863057324811415,35.77620173362035,36.912280701728484,37.02096890814388,39.294306335172976,42.9864253393341,41.841004184065405,41.09972041002693,38.5093167701385,39.59390862939138,35.79474342924181,34.25324675319115,38.19951338194866,41.658812441054046,49.173826834071924,52.415902140640725,52.356020942377924,48.88416578105798,47.99094510467007,47.16981132072402,39.84298331693833,33.4027055150537,35.60666137982902,37.9966887416904,35.49141965675859,32.248939179609444,31.458469587945416,28.571428571408163,24.263261296636284,21.612541993256873,22.988505747097076,27.015558698688803,33.45111896344705,36.64529914526,39.52702702699364,40.34134988359943,40.676795580082405,42.33841684819002,39.686684073072506,39.02681231376462,34.36781609191452,34.76347634759652,37.46630727759437,39.20118343192367,43.25699745544322,43.59119141725376,45.48892490543193,45.7202505218968,47.83913565423299,49.86595174259392,49.54887218041387,53.01587301583094,55.43792107790622,61.529933481084775,63.43963553523526,64.55847255362225,69.48297604026547,71.27071823194576,72.5663716813242,71.98007471971111,72.89234760042427,68.65497076015362,68.04008908678392,66.70224119523299,67.12328767116215,68.04550155111887,69.9054170248754,71.94127243061016,69.80273141117618,64.90322580640974,60.85156712001133,58.033707865135945,53.56074207058435,53.03444505191196,52.987421383620024,55.27426160334221,61.61059018198477,63.75545851524904,62.44769874473721,60.62736614382875,59.70297029700015,58.71725383917854,54.66222645097304,53.70284117370577]}