{"A":[46.65214231464293,47.65354318852644,45.90422675758538,45.93055083239702,46.14294253147236,44.64435587598487,46.58700283978155,45.91353434236092,51.32270742674942,57.58623912856544,57.270852263962695,62.21141418459905,59.65824626391452,69.5404088690359,71.5886286619751,76.6051426953961,76.53684230330177,81.10016973339214,86.44611347019836,74.73202525517598,65.8257007696626,62.148682160871516,67.67160177691946,61.518070292300365,65.20836923830365,88.76010587349612,99.91285156133623,99.99756101782083,99.98526102903324,99.72342595590476,99.99999997858401,99.99999991435979,99.9999860250652,99.99951317750765,98.83979465673505,89.98439984990486,41.3249966757686,45.89759241467473,47.187177297990615,55.10630555640776,67.1827125393605,83.99436501924438,89.08251817040113,88.71926544906557,86.17231593127138],"B":[68.28136484194107,68.9633240390994,68.26548487290916,68.28136484194107,68.50186837645774,67.46514321138463,67.79719355143405,67.10806433699352,68.02516365121222,67.714894695006,67.39780609773261,68.9026427702111,67.714894695006,69.20352855415082,69.36637939002571,70.47123912114026,69.49826710759112,69.21840937074491,70.05624549193877,68.47057346091336,67.21099188707186,65.67956075415466,65.69855608330948,65.15699838284043,63.9231742277876,65.37218400538598,65.01837184902297,65.96189756144412,66.25708843064466,65.17669388133811,67.74787059601174,65.81200581924958,65.99912842187129,66.14709844115208,67.54887502163469,68.67278739709663,66.27533884472794,68.08964174919261,69.49826710759112,71.2670447284319,74.30452551665532,78.12177305514447,79.89394499844734,81.1829223302699,82.63856019596084],"C":[0.0,0.0,0.0,0.0,0.0,0.0,0.0,0.0,0.0,0.0,0.5854800936761294,1.1603375527413922,1.6036655211894575,5.371900826440731,12.257405515819961,16.46168401133731,19.93927125504055,21.362229102145136,21.713729308644876,21.73913043475898,17.31909845786795,19.525065963034926,18.44532279312458,19.28864569080809,20.86438152008813,19.946091644177972,19.337016574558927,12.807244501923924,11.91381495562495,11.475409836049897,11.657142857129536,13.20261437906771,16.645161290301104,24.393358876086342,31.865585167981614,37.299035369734945,46.58227848095369,46.42857142851961,45.951417004002074,41.80841539835111,36.765772298740565,33.6672231496752,33.07086614171601,33.303330333018316,33.034987794941806]}