{"A":[2.263659387155286,1.3362320155512322,0.9053075723359285,0.7352152886859642,0.7352152886859642,0.7518632958410905,0.7518632958410905,0.10563270460581009,0.10203188860299406,2.5289999999245083E-4,2.5289999999245083E-4,2.5289999999245083E-4,21.76028741188101,21.76028741188101,3.676963081452442,1.8168218785909573,1.1946501168043966,1.1946501168043966,0.2353136689697095,0.17687663904510487,0.14189598084487898,1.1837482828596535,1.6637959817280006,6.650999853258497,9.802388986534837,36.515464890733654,38.23613397367808,49.87222988163495,52.07598890684116,55.07217198423058,62.43234020317544,61.30812428003787,57.48948883868789,3.9189999999678093E-4,3.9189999999678093E-4,0.04367344750022539,0.0607398140087696,0.097195563192912,0.12444867485078248,0.12444867485078248,0.11112847042578267],"B":[13.219280948873626,7.004397181410922,8.073549220576037,9.068905956085187,9.068905956085187,9.068905956085187,7.004397181410922,0.0,0.0,0.0,0.0,0.0,0.0,0.0,0.0,3.2192809488736263,4.594316186372978,7.004397181410922,3.2192809488736263,4.594316186372978,3.2192809488736263,10.0,15.84962500721157,24.26264754702098,33.21928094887362,44.918530963296746,49.248125036057814,51.44658242831882,50.980320829605276,49.82993574694311,47.48192849589459,38.45490050944376,26.724253419714962,0.0,0.0,0.0,0.0,0.0,0.0,0.0,0.0],"C":[36.84210526121884,83.3333333263889,84.61538460887574,85.71428570816326,85.71428570816326,78.57142856581632,83.3333333263889,74.99999998125,66.66666664444443,0.0,0.0,0.0,74.99999998125,74.99999998125,83.33333331944445,66.66666665925925,69.99999999299999,74.99999999375,77.77777776913581,79.999999992,66.66666665925925,79.99999999466667,69.56521738827978,76.19047618866213,73.417721518058,71.50837988786867,70.6611570245014,70.21276595719783,70.69597069571174,69.44444444416888,69.15887850434973,68.42105263097876,69.9999999986,99.99999989999999,99.99999989999999,99.99999994999999,99.99999996666666,99.99999994999999,74.99999998125,74.99999998125,79.999999984]}