{"A":[46.211715725996726,46.2117157259986,55.53907163474335,55.53907163474335,51.252463437155114,57.332796761563316,72.97674402401844,99.90558445609989,5.82000000122207E-5,5.82000000122207E-5,5.82000000122207E-5,5.82000000122207E-5,5.82000000122207E-5,5.82000000122207E-5,1.0692326889562622,1.0692326889562622,1.0692326889562622,1.0692326889562622,1.0692326889562622,1.0692326889562622,81.05371837180076,81.05371837180076,7.460000000492073E-5,7.460000000492073E-5],"B":[10.8746284125034,13.923174227787607,19.06890595608519,19.06890595608519,15.84962500721157,15.23561956057013,10.8746284125034,7.004397181410922,0.0,0.0,0.0,0.0,0.0,0.0,0.0,4.594316186372978,7.004397181410922,7.004397181410922,7.004397181410922,7.004397181410922,1.699250014423126,0.0,0.0,0.0],"C":[0.0,0.0,13.793103447800236,13.793103447800236,17.391304347069944,18.181818180991733,24.9999999984375,33.333333330555554,0.0,0.0,0.0,0.0,0.0,0.0,99.999999975,69.99999999299999,58.33333332847223,58.33333332847223,58.33333332847223,58.33333332847223,37.4999999953125,0.0,0.0,0.0]}