{"A":[11.88863989803626,11.88863989803626,10.836441403489843,34.43243879995799,8.702138563704253,13.175861512422443,26.26581775938864,26.26581775938864],"B":[13.923174227787607,13.923174227787607,14.594316186372973,25.84962500721157,22.479275134435852,20.874628412503398,19.54196310386876,19.54196310386876],"C":[69.9999999965,69.9999999965,71.42857142517008,78.72340425364419,86.48648648414901,84.8484848459137,83.33333333055556,83.33333333055556]}