{"A":[48.23240551089182,48.70788460850895,50.930535586355546,50.444806313493075,7.066074428609056,5.101252898018998,7.457841211351493,23.45443713418645,20.32414196389246,45.721839083334174,50.926403031745764,54.48067740257105,55.81465340639275,50.22143099508395,49.115585113783396,44.31619299997158,32.903720784499626,28.11663285785974,12.624412301377987,18.64284390738328,26.17557956502418,26.66222564166017,26.62966602638494,29.59429364624077,23.620934368020357,27.724243406529297,12.174762138990815,32.48352956583827,37.251474275566665,25.283937183461575,34.95450380474912,18.221924702980658,50.411640500936926,1.6159062128705841,2.1820158491299395,72.9409975811165,70.9130702348954,66.78132841065784,57.03190756071601,56.78121532372012,56.9946008346987,10.814557215786692,1.4947163824066934],"B":[63.46513733165635,58.48622940429338,54.55327220304561,49.886846867721665,36.582114827517955,33.9231742277876,34.262647547020975,35.54588851677637,36.582114827517955,42.09453365628949,48.826430493618425,51.44658242831882,54.91853096329676,57.00439718141092,57.210991887071856,55.81200581924957,51.799090900149345,48.826430493618425,46.36624620543649,42.288186904958806,47.07359132080882,49.30737337562887,49.4251450533924,50.76815597050832,48.6418614465428,48.39203788096945,43.03780748177103,43.128829552843555,43.128829552843555,39.886846867721665,38.82643049361842,37.944158663501064,37.54887502163469,32.094533656289514,30.874628412503398,44.757334309663975,49.00866807980749,48.765169465650004,49.54196310386876,49.30737337562887,49.36637939002572,40.980320829605276,29.77279923499917],"C":[3.999999999993846,2.608695652168242,1.999999999994286,0.3952569169944852,0.0,0.0,5.882352941107266,16.129032257891083,20.99999999979,26.53061224471748,31.91489361688547,35.46099290767567,30.91922005562418,31.084337349322688,30.641330166198,31.151832460651434,28.719723183291627,28.085106382859216,38.88888888869248,38.92617449638305,47.59615384592502,50.61728395040899,53.06122448957934,54.27509293660121,56.896551723892685,57.89473684185135,58.598726114276445,51.89873417688672,53.797468354089894,52.38095238053666,54.70085470038717,59.0909090903719,60.74766355083413,76.71232876607243,77.61194029734907,62.14689265501613,50.42016806701505,50.854700854483525,52.63157894715535,51.44032921789531,51.639344262083455,51.47058823491566,79.03225806324143]}