{"A":[8.435462012843175,22.714063779156987,21.441919369270238,11.141358922540576,21.810755573028132],"B":[18.579809951275728,24.26264754702098,26.724253419714962,22.854022188622487,23.575520046180838],"C":[49.999999998214285,59.52380952239229,61.99999999876,71.05263157707758,62.4999999984375]}