{"A":[12.07841514024443],"B":[0.0],"C":[66.66666664444443]}