{"A":[0.0,0.0,0.0,0.0,0.0,0.0,0.0,0.0,0.0,0.0,0.0,46.21171572285519,22.898588422061067,9.66869766624231,8.103737501974138,4.985815635461421,5.319822301936895,4.795314280635353,3.6851643982223976,2.176965120713092,16.574641195437678,16.543462950851662,13.221300069655541,12.331869022888228,14.315937433759487,14.611196702213064,3.5915162468183013,2.814616521241433,2.6641284451340255,6.664889117570823,6.962372299943581,7.215079642004753,6.780952854433494,6.683078642139108,2.9820256114410597,2.1704794477970353,2.68721041342377,1.2383991230742595,0.5531768641740769,0.307673769369913,1.5349671498140083,1.639269844640225,1.1184420916638658,1.7029567886468726,0.5919909068870481,0.5949170771815915,2.9029376694630287,3.291564633317705,5.257242582161581,5.3864675764408645],"B":[37.68184324776926,46.65335917185176,48.265484872909155,48.265484872909155,49.12889336229962,47.74787059601174,48.39203788096945,48.51749041416057,47.210991887071856,49.483672315846775,48.13781191217038,47.81359713524661,48.45490050944376,44.99845887083205,46.794800995054466,44.676055500829975,46.220518194563766,47.14245517666122,42.761244052742384,38.201789624151886,38.45490050944376,39.886846867721665,39.77279923499917,36.29356620079609,35.84962500721156,34.918530963296746,35.39158811108032,35.077946401986964,32.094533656289514,30.0,29.54196310386876,33.03780748177103,32.47927513443586,32.288186904958806,32.85402218862249,33.57552004618085,34.09390936137703,31.69925001442312,26.724253419714962,26.14709844115208,28.328900141647424,28.073549220576048,28.073549220576048,26.724253419714962,25.23561956057013,19.54196310386876,24.26264754702098,31.69925001442312,34.757334309663975,36.29356620079609],"C":[0.0,0.0,0.0,0.0,0.0,0.0,0.0,0.0,0.0,0.0,0.0,0.9132420091282502,13.100436681165501,28.333333333175926,28.921568627309206,33.522727272536805,30.10204081617295,30.14354066971223,23.37662337647158,17.85714285698342,17.543859648968912,19.84126984111237,24.7999999998016,28.571428571137027,28.421052631279775,25.842696628923118,34.78260869527411,36.66666666625925,38.356164383036216,39.6825396819098,40.98360655670519,49.99999999935898,45.333333332728884,45.94594594532505,48.051948051324004,45.67901234511507,47.61904761848073,40.84507042195993,37.99999999924,33.333333332638894,23.214285713871174,23.636363635933886,21.818181817785128,15.99999999968,15.555555555209876,13.33333333288889,7.142857142687076,11.267605633644118,18.18181818161157,20.408163265097876]}