{"A":[25.159753847864096,25.202437617809494,10.95117390530693,10.38668588768418,10.921179130822367,8.765268505293918,8.765268505293918,14.139947786762662,30.46294238854651,30.430797169771154,49.96056539940366,2.5950838721887663,50.507624698267335,65.46515419294087,22.767386931474547,22.474217991498364,50.93100732175361,97.34742257743062,98.86186376724987,97.34742257743062,99.3110778382271,87.52483671542018,81.38797707887556,49.82716935992056,26.93554584792085,37.06373352138925,18.247358951106364,16.615600631731198,27.59778661054679,27.643261595994147,27.396150135582616,33.91918503497959,40.71488748266651,34.84673101377825,51.29373466157179,59.27614323920261,61.03377621096831,60.716063404369436,61.89390147659762,73.93605667049289,75.81092931693254,46.21171572597126,53.31527584518662,70.88295662908806,63.01342625283024,27.227652276519393,33.38470001124611,28.892348845247568,33.51857439017462,27.817171211308647,30.785255878772233,39.263524366494835,22.167115402239148,38.54156242852841,30.64706618110216,31.056534369841984,43.95654124343403,43.1867559305783,39.756959585473794,53.83659928570188,45.68113176847183,44.933030979554246,26.02430049578018,28.532584841108587,28.77864098915316,14.332722508758962,12.456098674855298,31.296922269765247],"B":[34.59431618637298,35.39158811108032,32.288186904958806,29.307373375628867,27.279204545632,24.26264754702098,22.0945336562895,22.854022188622487,22.0945336562895,17.548875021634693,10.8746284125034,14.594316186372973,20.443941193584536,20.0,22.479275134435852,22.479275134435852,22.854022188622487,31.898245588800176,30.443941193584536,29.77279923499917,28.328900141647424,34.918530963296746,36.43856189774725,31.49747119504682,32.094533656289514,32.094533656289514,33.03780748177103,31.898245588800176,30.874628412503398,31.69925001442312,36.43856189774725,41.0852445677817,43.48728154231078,43.03780748177103,46.43856189774724,55.430318202552385,54.958550268871704,55.1175265376738,56.29356620079611,58.97845456005513,59.09893083770042,53.17412613764869,55.1175265376738,54.99845887083205,54.67605550082997,51.799090900149345,55.1175265376738,55.88714635582265,54.594316186372964,54.09390936137703,54.05141463136344,54.67605550082997,50.22367813028454,52.28818690495881,53.35390354693924,53.48728154231077,54.594316186372964,52.761244052742384,52.761244052742384,53.083390301394076,53.30916878114618,52.94620748891626,50.76815597050832,51.29283016944966,51.6490692667569,48.07354922057604,46.86500527183219,51.749256825006796],"C":[54.022988505126165,52.173913042911146,56.75675675598977,48.33333333252778,44.23076922991864,45.23809523701814,38.88888888780865,39.47368420948754,36.11111111010803,49.99999999807692,43.749999997265625,52.38095237845805,59.37499999814454,61.290322578668054,56.756756755222796,56.756756755222796,60.52631578788089,45.83333333269676,41.538461537822485,40.32258064451093,41.071428570695154,48.31460674103017,47.47474747426793,52.85714285638775,50.684931506154996,53.42465753351473,55.128205127498354,61.11111111026234,59.701492536422364,64.78873239345367,65.65656565590245,62.04379561998509,58.02469135766651,54.77707006334537,55.77889447208152,45.4301075267596,43.88888888876698,45.60439560427032,42.784810126473964,39.70588235285776,41.87499999991276,44.654088050174046,45.3296703295458,42.936288088523725,47.025495750575004,53.97923875413848,48.901098900964556,50.52083333320178,52.136752136603604,53.392330383323326,56.50887573947778,57.50708215281159,62.934362934119946,63.545150501459716,63.66459627309421,63.99999999980308,59.544159543989906,58.2524271842775,60.19417475708675,59.17721518968615,56.38629283471531,56.23003194870214,61.33828996259726,63.44086021482638,62.93706293684288,67.26457399072976,71.21951219477455,64.58333333310908]}