{"A":[47.5971180672278,49.59791516993624,52.500736301723265,65.78861485897053,64.90626711507133,52.03269304012127],"B":[54.47083226209653,52.761244052742384,50.71462362556625,51.39551352398794,48.826430493618425,45.46894459887638],"C":[8.045977011471132,7.766990291237,7.462686567136334,6.049822064035411,4.255319148918062,0.5376344085992601]}