{"A":[53.35492695537357,36.03759357515179,36.926979454573456,37.856988904850084],"B":[24.59431618637297,17.004397181410926,15.84962500721157,14.594316186372973],"C":[58.13953488236885,51.99999999792,47.826086954442346,52.38095237845805]}