{"A":[46.63805801313859,47.64196526364236],"B":[39.06890595608519,39.06890595608519],"C":[27.731092436741754,27.731092436741754]}