{"A":[46.96114722813152,46.29126267843819,50.512690580744305,52.61618103462217,58.42041814084337,64.55903206737767,64.36904385606869,40.643785792784286,29.76470135503041,24.80027470572287,25.67137892197779,30.622548636325092,73.03119139484676,91.92680623645208,93.05390349294152,93.37373601965095,81.24389285335761,79.39442783694273,46.04995342973589,49.748874434211615,58.42016228804479,65.80953101007265,76.65383595120838,79.79013825860923,82.77484113024278,79.53791498609382,61.52821747437355,71.04907149566031,50.12710813851669,50.874856872943525,63.26022545722506,61.11223832862831,66.5848864952828,75.1955980504446,73.48634775596673,78.90600461086669,75.80738606440895,77.92132725755332,79.25974973294447,78.86532408016672,81.63984575656369,64.1983936267581,21.510727327481106,24.579904942988563,50.700479651906136,48.02666049328778,73.12956652027131,80.43707288094697,81.10259118862837,83.168968106228,89.76266124615017,80.19321333068183,64.50338683130238,68.041084978405,62.04279268328611,64.07504359674849,64.15360593587667,82.64308222227078,79.58989901075338,68.13896720027287,64.24527209260646,58.99503127185045,51.42287279752588,46.69320659890718,47.338427509283264,46.70474247171006,46.515148629533144,42.03206539307928,75.98353093022521,99.99615712495907,99.97024495524536,99.5397201694368,99.99341149141776,99.9871410998376,96.20943171450594,89.35187761526211,88.33108307114864,83.40191915426351,75.79002205690958,65.50770940889788,70.63676700639158,66.4527790175103,67.62261402495511,71.73311312302093,88.17463107402111,81.43295418310467,78.58139038875547,78.22305587238327,72.51208568181207,73.00852756550293,51.63205309648336,37.04685626905072,32.13721818856453,39.02523912994303,55.63466455331803,66.41068214763396,80.1767794014007,82.01065701604779,85.20687536477632,88.1636733523467,75.07019226857045,73.50776378476047,76.6381718765262,81.78726392938924,78.38178006066786],"B":[25.545888516776376,40.660891904577724,45.077946401986964,46.220518194563766,47.07359132080882,48.201789624151886,51.39551352398794,47.14245517666122,43.48728154231078,41.0852445677817,39.54196310386876,39.65784284662088,40.660891904577724,43.03780748177103,42.57387842692652,43.03780748177103,45.69855608330948,47.07359132080882,45.31381460516312,46.93486957499325,48.39203788096945,48.51749041416057,50.38918989292302,50.980320829605276,48.948177633079446,45.39158811108032,44.008794362821845,46.794800995054466,44.346282276367255,46.794800995054466,50.92757140919852,51.6490692667569,53.966047811818584,55.66054038171092,57.94415866350106,60.76815597050832,62.19168520462162,61.67418145831738,60.71462362556625,58.85696373339394,55.39158811108031,47.34709620225839,39.18863237274596,43.39850002884624,47.68184324776926,46.36624620543649,49.94353436858858,51.99672344836364,55.19636252843213,54.958550268871704,52.47927513443585,54.262647547020975,51.84875342908285,55.58420713268666,51.84875342908285,49.886846867721665,48.51749041416057,49.36637939002572,49.483672315846775,37.14245517666122,43.21928094887362,55.077946401986964,60.71462362556625,62.07014320177534,63.17412613764869,63.44295907915818,61.87352073200497,57.48192849589459,54.42943495848729,61.13742166049189,62.28818690495881,64.07267764244733,68.16983623255382,71.52284842306582,73.24180546618742,71.357092861044,74.03012023574996,74.84822894262146,76.73309075561696,74.48116305409464,74.6862404291802,74.16797527606059,72.6912667914942,74.15741768290091,75.46894459887638,79.27777962082344,79.4251450533924,80.40974598817307,80.03517912108603,78.68822554775001,75.37218400538598,70.94077685671905,69.68666793195209,72.45552706255683,74.77758266443888,76.1470984411521,78.08964174919261,79.34428040626804,79.82993574694311,81.33142212400601,82.29419688230416,82.81350514981037,83.30916878114616,84.3827205612483,83.8747886584238],"C":[8.695652173724008,16.541353383334275,19.337016574478803,21.93877551009215,21.634615384511374,21.77777777768099,26.33451957286002,31.57894736826996,33.950617283741046,36.49635036469711,41.463414633809236,46.77419354800988,42.85714285682062,35.66878980869001,36.84210526291552,38.216560509310725,39.15343915323199,38.46153846135355,41.84782608672909,44.17475728133896,40.35087719280548,39.999999999826095,37.02290076321747,34.06593406580928,32.0675105483879,31.35135135118189,35.71428571407313,34.31372549002788,32.55813953469443,31.862745097883028,38.23529411750649,39.860139860000494,42.857142857015305,41.798941798831216,41.53498871322452,48.60853432272986,49.243697478908835,49.128919860541586,47.67225325875666,49.576271186335646,53.90835579500295,51.88679245258544,50.833333332909724,52.17391304315421,55.76036866333751,58.5858585855627,51.96850393680328,49.82935153566611,41.80327868841037,34.99999999990278,26.732673267238503,28.571428571345276,28.620689655073722,24.468085106317904,25.517241379222355,29.2490118575919,31.304347825950853,29.918032786762634,29.674796747846855,39.42307692269785,26.415094339456513,40.495867768483485,41.154562383536025,40.169491525355646,41.758241758176204,42.68104776572776,46.39175257723988,44.05594405584136,42.363112391808755,33.63471971060826,33.22203672782434,35.840707964548905,36.07103218641946,35.97185576074233,38.719750195129805,46.44128113874872,47.08056171467326,48.46368715080415,50.245098039184896,53.86819484236829,55.014124293746455,55.12445095164339,53.041362530370606,52.0146520146139,48.160535117024644,51.566512583435255,52.46568378238309,52.041785375093994,54.191033138375154,53.93258426963406,59.32659932655938,56.04395604390472,52.44755244750006,49.5465787303796,45.473684210494405,45.18187619652509,46.68153931955009,47.085889570528074,48.54176964901209,53.2293986636734,56.99999999997625,58.56109324756489,55.262135922308644,55.15501081468812,56.04929051528901]}