{"A":[99.97048784142203,59.1846083622971,59.1846083622971,43.859192603923844,43.859192603923844,43.859192603923844,43.859192603923844,4.467499999947222E-4,4.467499999947222E-4,4.467499999947222E-4,4.467499999947222E-4,4.467499999947222E-4,4.467499999947222E-4,4.467499999947222E-4,4.467499999947222E-4,4.467499999947222E-4,4.467499999947222E-4,4.467499999947222E-4,4.467499999947222E-4,4.467499999947222E-4,4.467499999947222E-4,4.467499999947222E-4,4.467499999947222E-4,4.467499999947222E-4,4.467499999947222E-4,4.467499999947222E-4,4.467499999947222E-4,4.467499999947222E-4,4.467499999947222E-4,4.467499999947222E-4,4.467499999947222E-4,4.467499999947222E-4,4.467499999947222E-4,4.467499999947222E-4,4.467499999947222E-4,4.467499999947222E-4,4.467499999947222E-4,4.467499999947222E-4,4.467499999947222E-4,4.467499999947222E-4,4.467499999947222E-4,4.467499999947222E-4,4.467499999947222E-4,4.467499999947222E-4,4.467499999947222E-4,4.467499999947222E-4,4.467499999947222E-4,4.467499999947222E-4,4.467499999947222E-4,4.467499999947222E-4,4.467499999947222E-4,4.467499999947222E-4,53.24901299089299,49.49155022244682,49.09478695518274,49.09478695518274,49.09478695518274,49.09478695518274,60.05851388793951,8.065000000101463E-5,8.065000000101463E-5],"B":[5.849625007211565,10.8746284125034,10.8746284125034,5.849625007211565,5.849625007211565,5.849625007211565,0.0,0.0,0.0,0.0,0.0,0.0,0.0,0.0,0.0,0.0,0.0,0.0,0.0,0.0,0.0,0.0,0.0,0.0,0.0,0.0,0.0,0.0,0.0,0.0,0.0,0.0,0.0,0.0,0.0,0.0,0.0,0.0,0.0,0.0,0.0,0.0,0.0,0.0,0.0,0.0,0.0,0.0,0.0,0.0,0.0,0.0,45.31381460516312,51.39551352398794,51.44658242831882,51.44658242831882,51.44658242831882,51.44658242831882,36.29356620079609,0.0,0.0],"C":[0.0,0.0,0.0,0.0,0.0,0.0,0.0,0.0,0.0,0.0,0.0,0.0,0.0,0.0,0.0,0.0,0.0,0.0,0.0,0.0,0.0,0.0,0.0,0.0,0.0,0.0,0.0,0.0,0.0,0.0,0.0,0.0,0.0,0.0,0.0,0.0,0.0,0.0,0.0,0.0,0.0,0.0,0.0,0.0,0.0,0.0,0.0,0.0,0.0,0.0,0.0,0.0,0.0,0.0,0.0,0.0,0.0,0.0,0.0,0.0,0.0]}