{"A":[23.72224804424748,18.502508474318148],"B":[19.54196310386876,17.004397181410926],"C":[0.0,7.999999999680001]}