{"A":[2.0800000001486296E-5,2.0800000001486296E-5,2.0800000001486296E-5,2.0800000001486296E-5,2.0800000001486296E-5,2.0800000001486296E-5,2.0800000001486296E-5,2.0800000001486296E-5,2.0800000001486296E-5,2.0800000001486296E-5,2.0800000001486296E-5,2.0800000001486296E-5,2.0800000001486296E-5,2.0800000001486296E-5,2.0800000001486296E-5,2.0800000001486296E-5,2.0800000001486296E-5,2.0800000001486296E-5,2.0800000001486296E-5,2.0800000001486296E-5,2.0800000001486296E-5,2.0800000001486296E-5],"B":[0.0,0.0,0.0,0.0,0.0,0.0,0.0,0.0,0.0,0.0,0.0,0.0,0.0,0.0,0.0,0.0,0.0,0.0,0.0,0.0,0.0,0.0],"C":[0.0,0.0,0.0,0.0,0.0,0.0,0.0,0.0,0.0,0.0,0.0,0.0,0.0,0.0,0.0,0.0,0.0,0.0,0.0,0.0,0.0,0.0]}