{"A":[42.73203946652848,46.211715725994225,47.72490490941823,47.12272471108133,50.54819864065888,47.15452579122322,46.21171572599354,52.796702723586634,58.01437962966304,57.92475598420339,43.69019054123987,57.061999289122696,58.45630148868233,53.957603393832756,54.144125037890745,59.08036465261873,44.282672827369424,38.74302626740041,35.72816598637277,24.92906785661728,25.38769652125474,31.424819936584356,45.98945106440547,43.882639849880604,53.971587469007346,43.5476856525668,44.7067116800896,37.386901499467115,10.156237288860808,11.657234868415813,56.60194799173527,73.00036567751332,71.1360948039169,66.99605487595309,65.56925190644111,66.224896295055,57.58651915139768,52.767648067920874,46.248286827152526,63.98691859766873,72.00780100092948,88.36270884512282,91.59785747271326,90.23907335492655,86.20081588362251,87.22303780070524,86.61688529515445,83.94129593530923,66.12252174859069,81.20507953625915,78.26474858701559,93.05237334297794,91.77139920970228,80.53102361457184,76.84216549155099,72.3087312359213,72.3466635304894,69.70448955130104,61.94402877335568,69.91068650230287,69.68853000888555,69.43499935699856,69.44948366427096,74.8224913939392,83.09017682626074,81.88604056308176,85.15916655834215,78.38018029277359,78.40025466114906,83.97911869510335,75.63540236663783,49.34371889309,57.02385326746557,43.63926134104008,30.92433140940392,34.92460605215953,38.40224761096431,37.84966743040454,33.220747113782124,43.132030186464135,43.87264285673169,43.100458474088214,55.917539975209706,60.20056024628062,61.117375133425924,60.66187251760098,67.96656620942099,75.36639616972067,62.84009838675843,67.13569707712591,79.21606411091287,90.87210473315727,90.17633915386136,93.31460691412502,93.28163845498128],"B":[51.749256825006796,54.716752143920445,55.274770060603956,54.47083226209653,58.948177633079446,57.58223214726725,56.89997971419446,55.50746785383243,55.31381460516313,53.83704292474054,48.32890014164742,47.944158663501064,48.265484872909155,50.660891904577724,49.30737337562887,49.18863237274596,51.54818109052105,50.87462841250341,49.06890595608519,44.09390936137703,42.85402218862249,47.00439718141092,43.83704292474053,43.75039431346926,43.39850002884624,44.262647547020975,44.09390936137703,37.944158663501064,30.66089190457772,31.292830169449672,43.75039431346926,47.14245517666122,50.27905996569885,50.92757140919852,52.19168520462162,51.749256825006796,45.54588851677637,47.414669864011465,43.923174227787605,46.147098441152075,44.99845887083205,47.87902559391432,56.147098441152075,56.86500527183219,59.77279923499918,59.27777962082342,59.18863237274594,57.44833837499545,49.77279923499917,44.5121111183233,34.757334309663975,32.47927513443586,43.923174227787605,52.143191208007664,54.91853096329676,56.18385502258606,60.87462841250339,64.59431618637296,63.33155350310618,64.38791852578262,66.81238411777805,66.7065624911844,64.26264754702098,60.47123912114026,60.74141462752506,58.70364719583405,53.750394313469236,56.3662462054365,56.18385502258606,55.774288280357496,54.22064766172811,50.71462362556625,49.248125036057814,45.39158811108032,48.39203788096945,53.9231742277876,57.48192849589459,58.008998999203044,58.8874324889826,60.27905996569885,60.0,59.71543553950772,62.07014320177534,63.50939181546431,63.597495603223294,62.57387842692651,62.9691620687929,62.24001674198105,56.51051691178928,54.00879436282185,53.83704292474054,56.68884984266248,55.961897561444104,57.31319031025065,57.34709620225839],"C":[19.791666666597944,25.988700564898338,26.630434782536334,25.57471264360467,32.842105263088754,37.73148148139414,41.01941747562859,38.770053475832164,39.56639566384941,43.54354354341278,41.85022026413282,41.628959275829736,31.858407079505053,26.591760299525873,23.868312757103425,24.896265560062673,32.39436619706903,34.686346863340646,41.4225941420861,52.66272189317951,54.83870967706556,55.0724637678499,42.77108433709174,39.39393939370064,36.024844720273144,34.50292397640642,33.727810650688006,19.090909090735536,24.24242424205693,18.840579709871875,35.75757575735904,29.66507177019299,27.692307692201183,30.514705882240754,28.956228956131465,30.208333333228442,22.994652406294147,29.107981220520625,31.73652694591775,33.33333333316239,35.555555555358026,29.545454545320247,34.78260869556322,32.84671532838723,32.40556660033319,29.835390946440672,30.641821946106333,33.177570093380425,27.49003984052793,35.05747126416634,43.18181818132747,47.99999999936,41.91616766441967,45.945945945790726,48.7465181057138,49.74489795905677,46.96132596676434,50.213371265931414,52.6397515527133,50.07215007207782,52.3170731706679,50.982800982738354,52.69286753995242,52.08333333323469,53.15985130101644,52.46252676648295,46.5256797581676,45.08816120895444,46.17346938763731,44.61942257206137,40.35087719286447,43.283582089390734,40.08264462793355,47.02702702677283,44.73684210506695,45.07462686553709,43.1235431234426,46.067415730233556,42.917547568619625,43.37811900183613,44.22700587075494,45.10978043903172,39.152542372815,36.19631901834939,38.56707317067291,36.00654664478559,34.55414012733352,31.323283082024584,35.66084788021032,35.01483679514833,31.831831831736242,29.31034482751401,29.274611398887888,29.716981132005387,29.88235294110616]}