{"A":[44.48001705765654,44.865465234559736,46.59520916564716,49.76420719445983,57.0946846865852,45.66476403072258,40.01897439875444,40.6646445334388,54.35859459121451,97.22426268661215,97.52925674579132,96.88695998576111,70.62269693662378,97.57364815235269,97.45297094677403,25.075650792584995,15.084932183690498,16.479382778406375,27.238512918788814,29.989723566125633,31.3259127855695,33.16944186950391,62.91972427586359,88.78349973348918,98.31071804412358,99.40661218412507,99.90265569317458,99.89860027881352,99.80053292471021,99.89722976792893,99.99325022664249,99.99791541663592,99.99868679287869,99.99999664677017],"B":[40.0,39.06890595608519,37.004397181410916,36.43856189774725,36.43856189774725,29.06890595608519,30.443941193584536,32.66786540694902,34.09390936137703,38.57980995127572,41.292830169449665,42.288186904958806,39.18863237274596,38.201789624151886,37.279204545631984,33.57552004618085,28.57980995127572,29.77279923499917,32.66786540694902,35.39158811108032,36.86500527183219,38.57980995127572,40.3342300153745,40.0,41.0852445677817,42.09453365628949,43.21928094887362,48.008998999203044,49.06890595608519,50.55282435501191,50.44394119358454,50.76815597050832,50.92757140919852,47.944158663501064],"C":[3.149606299187798,3.361344537786879,1.941747572796682,0.0,2.020202020181614,3.3898305084171216,9.230769230627219,7.894736842001385,11.904761904620182,8.695652173837429,7.1942446042647905,8.053691275113733,6.666666666611111,10.714285714190051,9.523809523718821,12.345679012193262,17.543859648815022,16.129032257804372,15.78947368400277,15.217391304182417,13.725490195943868,15.652173912907372,13.846153846047338,12.598425196751192,13.868613138584902,10.884353741422556,10.691823899303825,6.756756756726322,7.112970711267311,6.415094339598435,5.323193916329569,4.832713754628875,5.1470588235104895,8.144796380053645]}