{"A":[46.21171572599758,49.04601060920632,48.20055675251595,60.67176461652255,55.989885826941986,57.983572380780316,57.912125153342146,57.898645948924354,59.806894221601965,48.653950443296196,44.21269581240227,47.619123269584236,52.598661345237474,54.20879103154684,51.66242371790136,51.36241790196868,50.656783845659675,54.827552862987034,60.45600144175759,68.73239674697709,69.0235750257068,68.40021880384865,70.62489031978396,71.70073538834382,70.45533246020236,61.07583126097251,61.335726039511684,64.38700096572944,61.164888265057755,61.310029238516165,59.47097438889449,58.2630433418677,57.39398757284178,54.55439669454117,49.186998695424705,44.953658478306124,41.47373399209769,42.68441041973196,46.334000269681724,51.23804366719153,56.5718583536146,57.357397547397596,58.15978213358932,57.84712152162851,56.857951071122045,54.447295797064896,51.6970282025473,53.02095353704681,51.050831842754405,51.560777245208044,51.507097628746806],"B":[45.62242424221073,48.57980995127572,52.47927513443585,58.9178370321831,62.24001674198105,63.376219019925074,64.38791852578262,65.05811553919594,63.81542951184585,63.57552004618084,62.90018846932618,63.880172853451356,65.84962500721156,66.3299519714296,66.31177055703978,64.2836017270429,64.34628227636723,64.59431618637296,67.54887502163469,72.46740598493145,74.2940674151398,74.57380879072537,75.32355925288849,76.53740778706569,77.27920454563201,75.45929769085467,75.54588851677637,78.92542816648552,80.60020354507854,82.78449458220481,82.89442575688332,83.57552004618084,84.09390936137703,83.19107575824985,82.27014193649134,80.50528905530555,79.77279923499918,80.2167404285837,81.705510353167,82.79610581052484,84.58919206967593,85.72700226487292,85.98517810612623,85.67480801143046,85.7459352733761,85.93391122791738,85.80729651598958,85.07794640198696,84.75733430966399,84.92854620174748,84.7269083924278],"C":[31.91489361685152,45.02164502145013,53.795379537776256,59.493670885950436,59.96649916237862,59.442724458112316,59.884559884473475,57.438016528846504,56.15615615607184,53.28244274801026,54.5599999999127,54.55904334819947,52.54237288128743,53.21563682212709,55.30303030296048,56.10465116270915,56.4399421127982,55.47652916066077,58.98030127455507,65.07413509055596,66.32801161098236,66.54804270457898,66.01351351346891,66.95652173908884,67.4336283185443,63.65461847385298,60.94477711240124,62.78947368417748,63.542642924056445,64.03544099876599,65.8673061550496,66.71749904686743,68.51783744021019,69.81205951445975,71.32721202000361,72.83018867921093,72.55583126547268,73.62848893162963,74.7395833333009,73.72233400399449,71.57071783934911,71.23152709357267,70.77419354836427,70.23731048118978,68.18629058705537,67.56231790221186,69.3011103853464,68.08656818960218,68.00140498768246,67.85838250605073,67.08905315027557]}