{"A":[23.876457832973443],"B":[21.69925001442312],"C":[25.71428571355102]}