{"A":[48.39972354508441,48.664291268951416,55.5667441621697,72.76305273502143,60.686223585447095,93.05248371177183,93.05248371177183,79.92038535090728,79.92038535090728,84.7422434201525,81.40086277016448,74.11915393118392,72.35616128702475],"B":[27.004397181410926,20.874628412503398,19.06890595608519,21.69925001442312,19.06890595608519,25.23561956057013,25.23561956057013,34.918530963296746,34.918530963296746,36.86500527183219,36.724253419714955,33.39850002884625,35.23561956057013],"C":[25.490196077931564,39.393939392745644,44.82758620535077,37.14285714179592,20.68965517170036,22.222222221728398,22.222222221728398,28.08988764013382,28.08988764013382,35.294117646712806,38.6138613857563,36.24999999954687,37.36263736222678]}