{"A":[9.181373288537657,20.405197924480575],"B":[9.068905956085187,0.0],"C":[14.285714284693876,0.0]}