{"A":[48.59456769748817,32.63457126820177,27.818549032554742],"B":[59.82993574694311,42.57387842692652,25.545888516776376],"C":[26.336633663314185,3.9473684210266624,4.347826086862004]}