{"A":[37.360879076435054,36.23189801153981,61.501162586057546,54.003890654787995,51.70760239795217,53.94471617225224,52.06803663166164,51.45991439076073,49.25894618035821,47.92518317453579,46.36282120277383,49.52802394544827,46.21171572584973,45.60694404833586,45.596296078677824,46.056762422300494,46.82390537988175,48.47904101287898,46.671275327474945,41.372388615510914,38.33312831865712,32.18602250476238,32.426463299036556,8.773679229458509,6.576975446969968,5.205602317695252,5.215079469398674,4.830812835243066,5.207406549682972,3.623226407896624,3.5734951234931884,2.7738072868312145,56.87099605192475,59.57007056906386,56.48995528447725,51.391228608687214,34.59402826792925,32.694805720257165,15.001310846106264,14.701177051463418,15.365382434772371,13.35875920714058,10.474352587082436,9.381777107335424,7.431680448899954,9.103208415928677,11.482491689028507,14.597113676329556,15.235516134999628,16.709936324369735,17.666340162431368,19.375636416416555,20.328377449867915,12.401435014785093,14.510998492909195,14.36752126277986,19.63426959055691,24.095647002195278,26.782323285518174,24.831038911964797,27.60467888495316,22.75716277418023,21.759458251153234,22.207100775743825,18.6746423880589,27.24440935570371,24.2073381173268,26.757968368230053,26.423907289751085,27.607432879622408,33.19509726316193,32.900027102180985,40.50647762174728,39.91658176807496,52.24362715287552,52.12529073643722,51.92844010864724,48.43639565748015,47.84800528166795,48.318879787926136,34.88185175743632,24.681737146689457,28.80298487836353,37.8690995692302,41.61883677081184,68.67865529085603,88.36734427323708,96.61410491093531,98.51403643070168,98.43071038959127,97.23014717471207,98.24685228044154,98.21626313769926,99.83448019460377,99.98200768100935,99.9985541230568,99.99862022643103,99.99826772170064,99.91974066292627,99.99661037785361,99.95321894316206,99.91787901375508,99.90304646645086,99.926939135058,99.92660941076332,99.88598392957968,99.97907168276308,99.97780882574878,99.98715355351686,99.99423845811185,99.99752544576492,99.95428789086418,99.80850667718926,99.49860840391264,99.48695145700418,99.26985369769207,98.99888124178537,93.7357447819733,81.67685792982266],"B":[18.073549220576037,17.004397181410926,37.004397181410916,41.69925001442313,46.51051691178929,47.07359132080882,48.6418614465428,51.39551352398794,51.54818109052105,52.28818690495881,51.24121311829187,52.143191208007664,51.84875342908285,49.36637939002572,47.279204545632,44.676055500829975,44.346282276367255,49.657842846620866,51.24121311829187,53.53146825498083,50.92757140919852,50.76815597050832,49.248125036057814,44.178525148858995,42.384047393250796,40.8746284125034,42.47927513443586,41.69925001442313,41.996723448363646,38.201789624151886,37.813597135246596,31.898245588800176,49.30737337562887,48.826430493618425,49.483672315846775,54.262647547020975,59.30737337562887,61.89824558880018,58.3605035505807,59.657842846620866,59.82993574694311,58.61086905995393,55.23561956057014,53.706874068072175,52.19168520462162,50.76815597050832,52.761244052742384,54.83815777264256,53.66322214245816,53.53146825498083,54.178525148858974,54.67605550082997,53.61943773735241,49.06890595608519,49.71543553950772,48.8874324889826,48.765169465650004,49.06890595608519,47.87902559391432,48.51749041416057,47.34709620225839,47.00439718141092,46.724253419714955,46.93486957499325,47.279204545632,48.70364719583405,47.87902559391432,46.43856189774724,47.14245517666122,47.54887502163469,46.86500527183219,42.94620748891627,50.49848549450562,51.24121311829187,58.70364719583405,61.085244567781686,61.05908508571158,61.97216693110052,59.36637939002571,59.21840937074491,51.29283016944966,45.54588851677637,46.29356620079609,46.86500527183219,47.210991887071856,49.82993574694311,51.89824558880018,54.99845887083205,55.88714635582265,57.03903573444664,57.48192849589459,55.46894459887638,55.1175265376738,52.52665432450249,54.346282276367255,53.26429487122303,53.26429487122303,54.63524373271181,54.30452551665532,56.147098441152075,55.50746785383243,55.23561956057014,55.961897561444104,57.03903573444664,55.66054038171092,55.92457037268082,52.85402218862249,54.67605550082997,55.81200581924957,55.23561956057014,58.04131021183318,64.67605550082996,70.75479149488017,71.98445041452362,71.61131882984307,71.63649676015825,70.96715154488537,66.91743519171276,58.97845456005513],"C":[0.0,0.0,0.0,0.0,0.0,0.0,0.0,0.0,0.0,0.0,0.0,0.0,0.0,0.0,0.0,0.0,0.0,0.0,0.0,0.0,0.0,0.0,0.0,0.0,0.0,0.0,0.0,0.0,0.0,0.0,0.0,0.0,0.0,0.0,0.0,0.0,0.20533880903448598,0.17152658662063203,1.7543859649084332,3.8076152304532913,5.544554455434565,10.344827586184602,15.803814713853395,24.84848484840955,28.282828282733057,29.36802973966778,26.213592232924874,24.3697478990914,28.267477203561498,24.539877300538222,24.9266862169357,23.512747875287502,28.048780487719366,32.21757322162252,29.199999999883204,33.4745762710446,36.75213675197969,35.9832635981758,35.4545454543843,34.34782608680719,39.62264150924707,42.9951690819179,33.4975369456478,40.77669902892827,36.49289099508771,37.768240343185546,37.727272727101244,38.69346733648898,46.8899521528857,49.30232558116604,53.170731707057705,57.69230769193787,53.4090909088886,55.75539568325269,58.029978586599505,59.16515426486541,59.636363636255204,59.21501706474537,62.16768916142706,60.33057851227205,59.856630824158216,55.08021390344877,57.3604060910794,53.65853658510411,50.95238095213832,44.04761904744426,44.67353951874683,40.16620498603832,38.28124999990031,37.74038461529389,38.6946386945485,40.75067024117761,39.28571428560636,42.105263157756234,39.13043478249528,40.31249999987402,39.999999999875,40.62499999988459,42.15116279057514,36.31713554977924,36.63101604268281,34.332425068026346,31.34715025898615,29.086538461468542,27.248677248605162,31.94805194796897,31.83279742755038,32.29461756364789,32.46073298420822,31.880108991738748,28.47533632280611,18.38755304099238,24.025974025951736,26.6609880749347,27.09790209787841,28.53403141358767,30.25594149905827,39.22518159801547,42.016806722600805]}