{"A":[0.006614575605269124,0.006614575605269124,0.006614575605269124,0.006614575605269124,0.006614575605269124,1.9550000004642243E-5,99.98189010846457,99.98189010846457,70.08091638557934,70.08091638557934,70.08091638557934,70.08091638557934,70.08091638557934,13.781678880918122],"B":[0.0,0.0,0.0,0.0,0.0,0.0,0.0,0.0,0.0,0.0,0.0,0.0,0.0,0.0],"C":[99.999999975,99.99999994999999,99.99999994999999,99.99999994999999,99.99999994999999,99.99999989999999,99.99999994999999,99.99999994999999,99.999999975,99.999999975,99.999999975,99.999999975,99.99999994999999,99.999999975]}