{"A":[5.354413564783329,2.5179495918047508,15.998358190739395,17.882162121863757,17.882162121863757,18.138331585575557,74.45504392718291,91.58644786535731,31.02808775057113,95.20049201240997,95.20049201240997,93.44259701466112,30.033483137007465,32.58305882087751,57.80832912952249,15.201279516567027,15.201279516567027,4.386172597418025,4.386172597418025,59.66062866059488,60.76722050070251,63.654432779637744,62.23685098358504,64.97559251947737,60.467432507473376,53.94901664345616,41.87233877150504,42.945783715308494,36.41007534629608,13.484948438282132,28.164304834942612,29.679031627941555,33.03019786263178,16.31822830185017,17.29919000169734,34.268471287352924,6.15712622473356,5.576766513006092,2.1109665726077225,7.658960733284729,10.223626459503791,1.900628614211314,3.0365099630082284,1.6518843285945195,1.782413889316274,35.38178227983721,36.613547350121706,36.613547350121706,34.429017078926904,22.046225732344467,20.427957115257456,6.006967924598953,1.8263432008981084,0.28736717699581504,0.2968874652494975,0.19467641497124077,0.22286072172103388,0.2612597429257022,0.5773665331218893,0.6783957153776043,0.6783957153776043,0.6817697266924228],"B":[19.06890595608519,18.579809951275728,20.443941193584536,22.854022188622487,22.854022188622487,20.874628412503398,24.26264754702098,22.854022188622487,23.575520046180838,31.292830169449672,31.292830169449672,31.898245588800176,28.073549220576048,26.438561897747242,25.84962500721157,15.23561956057013,15.23561956057013,11.699250014423122,13.219280948873626,34.918530963296746,42.09453365628949,44.59431618637297,44.99845887083205,46.147098441152075,47.61551232444479,43.21928094887362,39.18863237274596,36.147098441152096,36.147098441152096,34.09390936137703,34.42943495848729,35.23561956057013,32.094533656289514,32.288186904958806,32.094533656289514,34.09390936137703,31.69925001442312,28.826430493618417,27.8135971352466,26.14709844115208,24.918530963296746,20.0,13.219280948873626,7.004397181410922,9.068905956085187,19.06890595608519,24.26264754702098,27.8135971352466,29.06890595608519,30.443941193584536,29.77279923499917,23.219280948873624,17.548875021634693,13.923174227787607,13.219280948873626,9.068905956085187,8.073549220576037,7.004397181410922,14.594316186372973,11.699250014423122,8.073549220576037,8.073549220576037],"C":[6.896551723900118,14.285714285204081,12.499999999609376,10.526315789196678,10.526315789196678,9.09090909063361,14.285714285374151,7.894736841897508,9.99999999975,5.797101449191346,5.797101449191346,6.944444444347994,3.636363636297521,6.122448979466889,6.382978723268448,27.2727272714876,27.2727272714876,29.411764704152247,26.315789472299166,12.359550561658882,6.802721088389098,5.142857142827755,4.999999999972222,4.615384615360947,4.166666666647377,1.2578616352122147,1.6666666666527779,0.0,0.0,0.0,0.0,0.0,1.3698630136798648,4.05405405399927,4.1095890410395945,8.333333333234126,12.676056337849632,15.517241379042806,14.814814814540467,12.499999999739584,13.63636363605372,6.45161290301769,0.0,0.0,0.0,0.0,2.3809523808956916,1.8518518518175584,6.779661016834243,6.153846153751479,6.451612903121749,10.256410256147271,11.538461538017751,14.999999999249999,10.526315788919668,14.285714284693876,15.384615383431951,16.666666665277777,28.571428570068026,35.2941176449827,30.769230766863902,30.769230766863902]}