{"A":[5.268079460013638,100.0,100.0,100.0,100.0,100.0,100.0,100.0,46.898335413173186,83.88388977824178,84.27796570025583,84.27796570025583,84.27796570025583,84.27796570025583,88.0553085609443,100.0,1.8165000000180953E-4,1.8165000000180953E-4,2.1714999999744578E-4],"B":[0.0,0.0,0.0,0.0,0.0,0.0,0.0,0.0,0.0,24.26264754702098,26.14709844115208,26.14709844115208,26.14709844115208,25.545888516776376,25.23561956057013,1.699250014423126,0.0,0.0,0.0],"C":[0.0,0.0,0.0,0.0,49.9999999875,49.9999999875,99.99999994999999,49.9999999875,59.999999988,66.66666666507936,58.333333332118066,58.333333332118066,58.333333332118066,60.869565216068054,59.999999998666674,24.999999996875,0.0,0.0,99.99999989999999]}