{"A":[42.04209205514118,41.630092445675956,55.49106792707693,56.01487431751926,50.47317392638587,51.437551527103835,41.37462037386112,42.67295236440819,40.54626575134267,50.37909659517774,68.46294645707232,69.119122713676,62.26511820701893,62.52340030333872,59.70867502444432,59.620503061685525,60.95939247900023,56.01756564438833,51.335642437984404,50.04608206000364,50.01214457442373,39.69505940685141,41.71654499987551,46.24966323127117,51.708519328799895,50.998963828842165,51.36519104836324,52.6919412061103,55.01365289610075,55.38312081798196,56.66188801526803,60.52022966785319,63.455436746521514,62.90753093541841,60.86496664696327,58.831430005609775,51.359867479638154,42.74137620349629,36.441730274510775,38.37453654652285,39.97521533468563,41.21806135062104,39.70073649446985,42.842385455456906,41.02713933245491,38.623856012203106,36.18072687305687,33.19535793136711,31.297320033676527,29.491287135949847,32.648123559592534,37.782359432281226,39.08443276712103,42.786350457615896,45.5395806138761,49.2403289724852,49.405244298647375,42.73749384070868,42.043750301834734,37.89504668689344,36.34811513309381,36.496759573359355,37.04644463945078,38.12446377717853,38.436923868770464,40.00008204244321,37.69753738549278,37.66031266350973,35.231414590854286,35.275756018996134,38.7289192511858,39.456559304108765,42.95556172689848,41.05400919764611,41.78496258808087],"B":[49.71543553950772,46.794800995054466,45.46894459887638,48.39203788096945,49.94353436858858,49.886846867721665,48.265484872909155,49.77279923499917,50.71462362556625,54.22064766172811,60.821490413538726,71.76173149107491,75.57463701597825,78.3051520697684,80.69449767427784,82.46146774635866,81.46568675740787,77.72314573921653,76.82116764950074,76.0547951806167,75.98982971036092,73.98743691938193,76.1286849729104,78.04131021183318,80.16111838220512,81.1829223302699,81.61761743304675,83.69052007001387,85.03328856626663,86.10102062999665,87.92790294301064,89.09518114296615,89.66144913345603,88.84170519108436,88.38022058304546,87.90348496751916,85.94791118089265,84.01946123976538,82.66200912498961,83.33155350310618,83.45959596404113,83.16847183602474,82.13104219641907,82.47334178028729,82.09453365628951,80.99347810403194,80.20979938904212,79.78710459106358,80.02815015607055,79.62896005337262,80.36860446673046,82.14926187942436,82.43769031961854,82.60331518557604,82.67957084402839,83.07770031890703,82.95194955880655,80.84808387804361,79.09143047339897,78.4235034341381,78.63411958941639,78.84933647949762,79.23327485419193,79.75847968006784,80.60695931687555,80.68106475858772,79.12889336229964,78.1698362325538,76.92615501694581,77.33862719678542,77.90348496751915,77.82179193831209,79.64340867792417,80.65416134676548,81.00662339005198],"C":[44.7999999998208,44.60784313703624,51.07526881692971,45.17543859629309,44.88188976360283,48.221343873327186,46.9026548670491,51.394422310552216,52.98507462666797,63.74269005829315,68.20702402944877,68.59861591689568,67.72908366529367,66.31868131864488,63.82681564242839,63.55024711694253,62.4889673433087,59.725400457631736,58.221680876943836,59.60179833008375,64.19354838705536,64.1957005188553,63.897763578233935,63.514269725761885,64.20289855069362,62.82628262823455,62.270742358051415,64.71255673219943,67.53962784284371,69.0879999999779,72.7939103467514,73.11492459696487,69.17499999998272,68.2455676104609,65.87431693987271,64.1626659135656,58.50582147475468,54.45471349351037,55.930138099083706,54.556029468765196,54.99615680243851,55.058823529390175,55.79435313946237,57.61316872425613,60.37177862270369,61.14911080708566,61.96437168990757,62.36985622208112,61.23842028275902,62.35588972427952,61.38095238092315,59.13299663297175,59.15841584155975,57.46329526914459,56.59229208922654,54.61720599839991,54.17993630571092,55.2740672500897,53.121748178952586,54.05994550405774,55.42427497311739,57.93650793647728,59.19629057183967,58.81768504716403,59.15690866507768,56.66356011180957,54.02179553707628,49.41763727118723,45.284159613031875,46.41598119856262,44.18079096042702,47.32954545451856,50.22533800698537,53.87488328662285,56.99316628698998]}