{"A":[99.9999999584264,99.9999999584264],"B":[0.0,0.0],"C":[0.0,0.0]}