{"A":[46.21171572600096,46.21171572600096,46.21171572600096,46.21171572600096,46.21171572600096,46.21171572600096,46.21171572600096,46.21171572600096,46.21171572600096,46.21171572600096,46.21171572600096,46.21171572600096,46.21171572600096,46.21171572600096,54.93562667836085,46.69334891875101,46.769067053471616,46.39583965396349,46.23942254985096,46.23942254985096,47.22838467236977,46.27136458288413,48.03165850174682,34.31313625799916,26.20677092442827,24.76154692757312,28.124705899703542,24.32732985183314,24.931231032607315,37.49953446644551,45.83959035693735,48.556061558300456,41.77534470965517,45.19324701786354,44.49009649249086,17.8951978101791,18.37816856139628,29.98103626085083,60.20002870659121,61.90409552385424,57.44653881049564,47.19547343861976,48.77776750673499,42.718776996677235,35.259063796035946,40.40876399221699,41.77997740501581,44.9691106173706,40.53053496611281,45.08083015704645,49.87336104040435,45.943593427601826,51.32065595549864,60.62812774024184,60.837149572214315],"B":[0.0,0.0,0.0,0.0,0.0,0.0,0.0,0.0,0.0,0.0,0.0,0.0,0.0,0.0,0.0,44.99845887083205,47.61551232444479,54.67605550082997,60.49848549450562,62.43173983472951,62.40791332161958,59.2481250360578,61.006623390051985,60.38918989292304,56.65335917185176,56.073303137496104,59.74414589805528,60.525680508041546,58.23367240046237,59.21840937074491,59.0388184573618,59.068905956085196,57.681843247769265,57.813597135246596,57.78077129535358,54.79780264029099,53.706874068072175,54.99845887083205,56.329951971429594,57.03903573444664,57.58223214726725,58.392037880969454,61.13742166049189,63.151495622563004,63.85862400641463,64.34628227636723,64.36711542137215,63.26429487122303,62.36014191900086,60.92757140919852,58.85696373339394,55.54588851677637,57.515440590890975,60.11227255423254,59.88684686772166],"C":[0.0,0.0,0.0,0.0,0.0,0.0,0.0,0.0,0.0,0.0,0.0,0.0,0.0,0.0,19.999999996,48.333333333064814,53.703703703455076,48.725212464451204,47.06994328913597,45.6198347106684,45.860927152241956,44.3298969071251,43.430656934227315,45.904761904674466,51.85185185172383,57.32647814895289,57.37051792817257,61.69811320743076,64.82300884941411,60.33057851227205,57.11297071117759,57.62004175353316,59.08045976997913,57.63097949872977,56.62100456608078,65.73033707846704,66.36363636343526,61.77285318542446,59.343434343284486,58.65384615370516,58.564814814679245,59.2997811814895,58.58951175396277,57.54716981123027,57.485029940033705,55.8610709116413,56.213872832288715,55.070202808026416,54.65116279060689,54.678899082468476,57.83898305072492,59.99999999984,59.534883720791775,59.02912621347761,62.52465483222382]}