{"A":[46.23380408657982,51.12798939646618,51.03587406673873,52.50060586078121,50.28220553973921,52.91574258930822,47.664042882436576,42.53214951878104,45.969862237932915,49.3006610853964,48.83241179620245,36.356965176680575,39.411856793048486,40.92053223873873,42.18182552206582,37.38865165234586,40.52743133554404,37.697561304922715,38.92402036157324,37.7894146462375,24.19089542636651,23.755708911378505,16.42674521492873,20.64916501831894,12.04042980673725,45.238100477247826,83.79043984412357,83.84921915586625,89.81639529683656,91.99254325452367,92.93267473384881,86.14311653130324,83.13243069651966,86.64150322678901,86.65995989604312,66.10311686747059,56.438527249271175,55.68150689850435,53.93816799935769,47.088001094597786,48.7112693973655,49.96974467394617,53.513991522683625,53.941724556768236,50.93632341220302,52.78279226640291,51.82316731228778,50.06177933084655,45.02817142668496,40.64133899370262,39.9870329920964,30.25879811633007,32.431394104278354,34.12630387432398,33.98585372219392,28.795099223062067,28.535108586725215,30.929835811492353,31.038169647168218,29.377596236817567,29.418163574597372,33.414448430747456,37.39636204563678,36.991692239822356],"B":[63.06061689428341,63.28674927327947,64.47083226209654,64.85829308701904,63.64134655008051,65.84962500721156,63.61943773735241,60.38918989292304,59.18863237274594,58.54868383260238,59.2481250360578,53.79378367071263,53.57552004618084,55.88714635582265,56.724253419714955,54.99845887083205,53.39850002884624,52.761244052742384,51.085244567781686,45.156998382840435,40.22367813028454,37.414669864011465,33.39850002884625,31.49747119504682,23.923174227787605,31.292830169449672,34.59431618637298,36.724253419714955,37.004397181410916,39.06890595608519,39.18863237274596,35.077946401986964,33.57552004618085,38.07354922057604,36.724253419714955,41.996723448363646,48.39203788096945,58.10571634741148,58.73444112515376,59.600019320680815,64.1151098801207,65.19636252843213,67.91162888555019,71.22827994807668,73.68506461507691,75.17669388133812,74.96853777388041,75.31381460516313,73.70687406807218,70.75479149488017,68.84170519108436,68.26548487290916,69.55649907528375,70.14020470314935,71.52284842306582,70.36173612553485,69.82993574694311,69.9717948093762,70.0,68.71905237659186,67.15961990255146,67.36401931318291,68.0574387215162,67.91162888555019],"C":[0.3164556962020309,3.7383177570035233,4.5911047345701705,4.748603351948675,5.167173252271782,5.345501955664478,6.088280060873534,3.619047619040726,2.2774327122106057,1.9480519480477316,1.8556701030889573,0.6024096385524024,0.30581039755258166,0.0,0.0,0.0,0.0,0.0,0.0,0.0,0.0,0.0,0.0,1.4285714285510203,2.4390243901844144,1.4492753622978365,1.14942528734311,0.9900990098911872,0.970873786398341,0.8403361344467197,0.8333333333263889,1.1111111110987655,1.2345679012193262,1.8018018017855693,2.9702970296735614,13.698630136892476,32.89473684196099,35.04464285706463,35.470085470009685,37.223340040166555,38.08823529406163,38.88130968616797,33.220338983013306,28.815080789920273,28.538985616935246,28.600682593837135,28.393351800534354,28.194726166309536,29.100529100507107,33.20964749533098,35.699152542335064,40.68357221605217,42.33870967737667,43.36882865436266,41.952506596269174,42.802669208729455,43.12561819975952,40.84231145931357,40.56695992175898,39.20940170935982,38.690476190430125,34.272300469443344,31.879194630836828,27.231638418048327]}