{"A":[24.534222892157175,45.903730317053316,46.934490897871655,52.89288912485597,49.02776737089954,42.604449936935424,44.347140287353966,46.378631442252356,40.081195190283836,39.904212821697314,36.4061826328105,78.42607772023757,78.03038027219222,40.6037614519789,51.943030355201245,50.66246589587743,62.042918816504454,17.154140704294406,16.711170955295245,16.778039151387844,55.84846127482709,96.73354678539789,77.52454922295937,78.07791420812987,97.63111650540557,99.95063368019134,1.090968007536489,1.1125030615010445,1.7119573638520222,3.9085820678270693,3.9085820678270693,3.4487196060601093,2.665124866314585,2.66287323691823,7.85321757667289,4.319342124288767,3.8389705749617775,90.11184371353721,85.37601545172834,77.87300279174198,65.05972692184525,62.794834407450224,61.2591860405671,10.052856013919794,9.975163717281433,23.57535851758253,19.233019561798955,74.17339666666959,61.16317555140097,68.36543974741423,70.85279121440797,66.8376284803389,65.68629321780182,18.0640416260145,31.70454282280903,64.55875607250317,64.18147628843153,65.57380677090819,65.68269958146212,65.57380677090819,84.52230251687013,79.00167652431693,81.66801542138887,79.66356028609516,79.71128096960456,80.48125522596325,67.12196632084252,68.05993752482351,57.026271970385295,67.24847276658159,62.27041055524151,61.72703398247734,63.466235341521156,59.03004661756816,77.19698376796461,71.02584757647466,72.87158587608795,64.84745306101001,84.19634904921341,81.20602808183489,79.23872565387907,94.12335323684465,98.43496494602434,99.49346584996877,69.68612456138104,60.47856192630982,51.00486041456239,41.43517883322389,30.174153043038473,29.886740039707888,29.05632336630015,71.83288085170005,84.34250086260056,89.97341963288443,93.3405809616128,93.66059183498396,98.27168153757916,59.03156502035648,82.97654700958176,69.88474789161057,63.902485619250086,61.90552958815414,63.46443215570321,75.72296729179635],"B":[32.47927513443586,35.999128421871276,39.54196310386876,40.22367813028454,42.384047393250796,43.03780748177103,44.09390936137703,44.918530963296746,43.75039431346926,43.21928094887362,41.49747119504682,42.47927513443586,40.76815597050832,37.54887502163469,37.54887502163469,37.68184324776926,39.54196310386876,33.03780748177103,30.874628412503398,29.54196310386876,34.09390936137703,33.21928094887362,29.54196310386876,29.54196310386876,29.307373375628867,27.548875021634693,13.219280948873626,13.923174227787607,14.594316186372973,12.479275134435852,10.8746284125034,16.438561897747242,13.923174227787607,13.923174227787607,17.004397181410926,20.443941193584536,20.874628412503398,43.128829552843555,45.84962500721156,46.724253419714955,47.210991887071856,48.948177633079446,49.06890595608519,37.813597135246596,33.39850002884625,35.23561956057013,34.09390936137703,39.77279923499917,41.49747119504682,43.128829552843555,42.66786540694902,40.443941193584536,41.18941072723508,30.223678130284544,34.09390936137703,44.918530963296746,48.70364719583405,48.39203788096945,47.944158663501064,49.60001932068081,53.21928094887362,48.70364719583405,49.00866807980749,50.168082876865526,51.99672344836364,52.143191208007664,49.36637939002572,49.248125036057814,46.86500527183219,45.69855608330948,47.48192849589459,48.70364719583405,48.265484872909155,48.826430493618425,50.55282435501191,52.04571144249204,50.980320829605276,50.980320829605276,51.032878084120235,49.00866807980749,46.07330313749611,44.918530963296746,44.42943495848729,41.39551352398794,37.54887502163469,41.89824558880018,43.128829552843555,42.761244052742384,40.22367813028454,38.94817763307944,37.004397181410916,43.21928094887362,45.23561956057013,44.262647547020975,42.94620748891627,42.66786540694902,43.83704292474053,32.288186904958806,38.07354922057604,43.30916878114618,45.69855608330948,47.68184324776926,52.52665432450249,54.87840033823051],"C":[6.666666666577778,16.666666666493054,26.016260162390108,28.68217054241332,32.66666666644889,45.85987261117287,48.5207100588845,46.36871508353984,44.84848484821305,45.28301886763973,43.9716312053619,41.72185430435946,40.298507462385835,44.8598130836929,48.5981308406673,49.99999999953704,49.593495934556145,48.71794871732413,53.73134328278013,50.81967213031443,29.76190476155045,26.582278480676173,18.032786884950283,18.032786884950283,18.33333333302778,18.86792452794589,26.315789472299166,19.999999999,19.04761904671202,11.111111110493827,6.249999999609375,4.166666666493056,14.999999999249999,24.99999999875,23.99999999904,21.874999999316408,21.212121211478426,12.65822784802115,13.612565444954909,12.807881773335922,14.28571428564626,16.03375527419395,15.899581589891634,22.935779816303338,23.749999999703125,32.967032966670686,32.14285714247449,36.799999999705605,36.87943262385192,39.87341772126663,39.86928104549105,38.167938931006354,37.681159420016805,37.499999999414065,33.333333332936505,20.111731843463065,22.746781115782202,22.368421052533474,22.6244343890379,20.564516128949336,27.899686520288718,36.90987124447678,41.17647058806229,42.63565891456343,40.955631399177626,44.25675675660724,47.540983606362545,44.62809917336931,44.39024390222249,42.857142856916106,43.45794392503058,48.497854077045076,50.44247787588299,54.893617021043006,52.452830188481315,49.99999999982994,48.35164835147124,42.490842490686845,32.84671532834727,27.731092436858273,22.680412371017113,20.111731843463065,20.23121387271543,16.428571428454084,20.560747663359244,27.586206896361475,32.91139240485499,36.36363636340024,44.18604651128538,46.61016949113042,48.54368931991705,37.73584905636645,34.972677595437304,33.91812865477241,30.769230769033534,30.718954248165236,29.518072288978807,33.783783783327245,29.729729729461894,34.99999999978125,35.97883597864562,38.70967741917645,37.82894736829662,35.474860335096444]}