{"A":[69.6838182844117,57.826050772684454,8.22334364618149,46.21171572598968,46.21171572598968,46.21171572598968,7.080115970229386,45.53771541172591,54.85116663771319,66.56725052611316,66.56725052611316,66.56725052611316,91.87200016440153,89.6900375400831,92.85334324463889,92.85334324463889,92.85334324463889,92.85334324463889,89.6900375400831,98.97638051898247,92.50358344507782,89.67413095586244,89.67413095586244,88.38565230855482,85.05246850701647,62.75822273245498,4.64079627443499,3.2874302019851456,3.9016969134913637,4.367044499246404],"B":[23.923174227787605,10.8746284125034,13.923174227787607,9.068905956085187,9.068905956085187,15.23561956057013,14.594316186372973,18.579809951275728,18.073549220576037,17.548875021634693,17.548875021634693,12.479275134435852,11.699250014423122,9.068905956085187,10.0,10.0,11.699250014423122,11.699250014423122,7.004397181410922,0.0,15.84962500721157,20.874628412503398,20.0,20.443941193584536,22.854022188622487,26.438561897747242,20.0,14.594316186372973,17.004397181410926,17.548875021634693],"C":[12.19512195092207,31.249999998046874,34.99999999825,35.714285711734696,35.714285711734696,31.818181816735535,28.571428570068026,28.571428570408163,22.222222221399175,23.076923076035502,23.076923076035502,22.222222220987653,35.2941176449827,49.99999999642857,59.999999996,59.999999996,58.823529408304495,58.823529408304495,49.999999995833335,49.99999999166667,39.13043478090737,42.42424242295685,41.935483869614984,43.749999998632816,47.36842105138505,51.02040816222407,64.5161290301769,71.42857142517008,75.99999999696,76.92307692011833]}