{"A":[46.21171572599127,47.13208774253039,47.83201095447416,49.22449269689801,51.85943625451458,49.53183120522078,52.05772432414716,49.83387306907625,52.882865922163404,52.5339646898378,54.39622603512518,53.1625920828335,49.49263121928635,53.46522325197037,45.338426847365014,60.80261163686123,68.76257345236513,78.61971444477649,82.66244040155729,87.12172749725738,88.57747415275156,77.31957937327215,75.78482767138081,68.4978188157315,65.33399361375643,47.02138283252421,39.03878120602906,41.19137926647423,41.59250308168663,44.52005805745537,43.77914811371997,42.498931938020036,45.78458877418012,41.08063385981481,48.9881984553615,51.377536361930055,60.4979709169416,65.61918875794859,58.05425372836518,65.50658768908923,51.802353647178165,46.469139790148176,40.02717130749704,42.14312564286533,49.880097935621194,52.845172903661506,50.7097053698443,62.68194743567389,64.76142845955627,62.12976032545771,55.199871662837666,55.68383202261006,57.51777038963297,40.633111081159456,36.316425372485725,35.88281260956296,31.636759965044064,29.887501700682606],"B":[57.00439718141092,58.04131021183318,61.34426320220926,61.69925001442314,61.34426320220926,59.85841937003342,60.821490413538726,61.62391328756905,64.00879436282185,65.33329732305833,66.61778097771987,67.41466986401147,67.96039608829771,68.20178962415187,66.31177055703978,67.2451385311995,67.59888183221834,69.3810932621924,70.29287226968245,71.88588845707349,72.90018846932618,71.81152256865566,70.62046137720492,68.6418614465428,66.79480099505446,63.61943773735241,64.97851836951119,67.74787059601174,70.2513956227851,72.08234358339789,73.70687406807218,74.79780264029101,74.46049406716551,73.57552004618084,74.25215903299383,74.10451351503994,74.08329740767391,73.60847084179666,74.21012855779226,73.88017285345136,72.25207436943501,71.33142212400601,69.88684686772167,69.1288933622996,66.88250309133178,67.262181593322,66.96967526234288,69.92938336165814,71.05908508571159,71.66163082646113,71.8239435340453,71.11135670234708,70.92757140919852,69.27777962082342,67.94415866350107,67.10806433699352,66.31177055703978,65.980525001616],"C":[8.19277108431761,8.744394618814475,11.942959001761242,14.608695652148507,15.329768270917416,12.45059288535089,12.199630314210353,11.538461538441366,7.111111111100577,4.999999999993243,9.641532756477575,10.87719298244342,11.148648648636094,11.40642303431738,12.499999999984217,11.479289940814818,6.581986143179466,4.387755102036339,4.118773946356208,8.06174957117662,10.071942446035115,11.551724137921077,11.985018726580538,15.037593984946254,18.070818070796008,16.742770167402217,31.717451523501776,41.02857142852454,46.4937560037978,49.4077834178939,52.53212396065569,55.430974071439785,53.586800573849644,56.140350877150155,55.458515283802434,55.14705882348886,52.577319587590154,51.21765601213758,52.33576642331946,50.93353248689251,51.75585284276609,51.87165775396446,53.399014778272516,53.06334371749423,49.150485436833556,46.92671394793508,46.682750301511845,43.12377210211874,44.41416893728936,44.33797909403803,46.8561584840251,45.158371040683114,45.921173235521614,51.49023638226979,50.95828635845439,51.73237753876735,53.66161616154841,56.5891472867486]}