{"A":[43.00125972672001,42.55272151879356,100.0,8.739999999818338E-5,0.06164616144997126,0.03085903467474793,0.03956032365607598,0.042938770817229965,0.042938770817229965,0.048173494053656896,0.048173494053656896,0.042938770817229965,9.214999998619078E-5,9.214999998619078E-5,9.214999998619078E-5,9.214999998619078E-5,9.214999998619078E-5,9.214999998619078E-5,9.214999998619078E-5,9.214999998619078E-5,9.214999998619078E-5,9.214999998619078E-5,9.214999998619078E-5,9.214999998619078E-5,9.214999998619078E-5,9.214999998619078E-5,9.214999998619078E-5,9.214999998619078E-5,9.214999998619078E-5,9.214999998619078E-5,9.214999998619078E-5,9.214999998619078E-5,9.214999998619078E-5,9.214999998619078E-5,9.214999998619078E-5,9.214999998619078E-5,9.214999998619078E-5,9.214999998619078E-5,9.214999998619078E-5,9.214999998619078E-5,9.214999998619078E-5],"B":[26.724253419714962,20.443941193584536,0.0,0.0,0.0,0.0,0.0,0.0,0.0,0.0,0.0,0.0,0.0,0.0,0.0,0.0,0.0,0.0,0.0,0.0,0.0,0.0,0.0,0.0,0.0,0.0,0.0,0.0,0.0,0.0,0.0,0.0,0.0,0.0,0.0,0.0,0.0,0.0,0.0,0.0,0.0],"C":[0.0,0.0,0.0,99.99999989999999,33.33333332222222,24.99999999375,39.999999992,49.99999999166667,49.99999999166667,39.999999992,66.66666664444443,99.99999994999999,99.99999989999999,0.0,0.0,0.0,0.0,0.0,0.0,0.0,0.0,0.0,0.0,0.0,0.0,0.0,0.0,0.0,0.0,0.0,0.0,0.0,0.0,0.0,0.0,0.0,0.0,0.0,0.0,0.0,0.0]}