{"A":[46.199615669927624,64.21184882946125,59.085333731325164,86.93939725276167,71.6856746841481,60.71952590660112,60.71952590660112,36.52157949622267,36.52157949622267,31.646237049359712,1.2713430438747793,40.72416145369721,40.72416145369721,38.78542270585646,43.60588804501222,53.73899473360876,84.5490267521983,88.59287894868467,88.59287894868467,95.76661898206959,96.3110516220566,98.6152551434659,98.89603889131791,96.91160091582563,92.8337977905723,96.99065723840468,96.99065723840468,59.19300224082406,59.19300224082406],"B":[36.43856189774725,29.06890595608519,22.479275134435852,17.548875021634693,24.59431618637297,25.545888516776376,25.545888516776376,23.923174227787605,23.923174227787605,24.26264754702098,13.219280948873626,18.579809951275728,18.579809951275728,19.06890595608519,20.874628412503398,23.219280948873624,22.0945336562895,23.219280948873624,23.219280948873624,30.223678130284544,29.77279923499917,31.292830169449672,31.0852445677817,25.545888516776376,27.8135971352466,21.292830169449665,20.443941193584536,12.479275134435852,12.479275134435852],"C":[12.121212121089684,5.0847457626256825,0.0,0.0,9.302325581179016,17.391304347448017,17.391304347448017,19.512195121475315,19.512195121475315,19.047619047165533,26.315789472299166,3.5714285713010203,3.5714285713010203,3.448275861950059,3.0303030302112033,2.564102564036818,0.0,0.0,0.0,0.0,0.0,0.0,0.0,0.0,0.0,0.0,0.0,0.0,0.0]}