{"A":[90.73278261165828,5.2699999997685154E-5,5.2699999997685154E-5,5.2699999997685154E-5,5.2699999997685154E-5,5.2699999997685154E-5,5.2699999997685154E-5,5.2699999997685154E-5,5.2699999997685154E-5,5.2699999997685154E-5,5.2699999997685154E-5,0.4194212234720567,0.4194212234720567,0.4194212234720567,0.4194212234720567,0.4194212234720567,0.4194212234720567,9.197500000368564E-5,9.197500000368564E-5,9.197500000368564E-5,9.197500000368564E-5,9.197500000368564E-5,9.197500000368564E-5,9.197500000368564E-5,9.197500000368564E-5,9.197500000368564E-5,9.197500000368564E-5,9.197500000368564E-5,9.197500000368564E-5,9.197500000368564E-5,9.197500000368564E-5,9.197500000368564E-5,9.197500000368564E-5,9.197500000368564E-5,9.197500000368564E-5],"B":[0.0,0.0,0.0,0.0,0.0,0.0,0.0,0.0,0.0,0.0,0.0,0.0,0.0,0.0,0.0,0.0,0.0,0.0,0.0,0.0,0.0,0.0,0.0,0.0,0.0,0.0,0.0,0.0,0.0,0.0,0.0,0.0,0.0,0.0,0.0],"C":[19.999999996,0.0,0.0,0.0,0.0,0.0,0.0,0.0,0.0,0.0,0.0,66.66666664444443,66.66666664444443,66.66666664444443,66.66666664444443,66.66666664444443,66.66666664444443,0.0,0.0,0.0,0.0,0.0,0.0,0.0,0.0,0.0,0.0,0.0,0.0,0.0,0.0,0.0,0.0,0.0,0.0]}