{"A":[44.61209742377676,50.32897871996542,49.79159828469204,38.00011932883842,44.69905925356446,43.39861279205752,43.48243914717338,35.942156552041155,38.281765666599796,42.091000190689215,26.301773404985113,35.991304371713426,41.44726862180599,54.03681635974607,17.490705264200983,68.3750602738007,55.464494139763104,13.772515001509234,13.772515001509234,10.616791941654753,10.698733059588562,13.708611269710474,7.694073832196906,72.33062945866732,78.8735503033611,65.26602278815784,41.63094022882467,9.03606194671039,43.34164677880028,43.34164677880028,40.16854098338979,23.083288989482057,44.255121656769916,66.46275569488907,59.69010678868267,59.69010678868267],"B":[45.62242424221073,44.676055500829975,42.57387842692652,38.32890014164742,43.48728154231078,43.39850002884624,42.384047393250796,40.22367813028454,35.84962500721156,36.147098441152096,26.438561897747242,27.8135971352466,28.073549220576048,25.23561956057013,24.918530963296746,25.545888516776376,28.826430493618417,29.06890595608519,30.443941193584536,26.438561897747242,25.23561956057013,26.438561897747242,25.23561956057013,20.874628412503398,15.84962500721157,26.438561897747242,29.06890595608519,32.288186904958806,34.918530963296746,34.918530963296746,35.077946401986964,32.288186904958806,33.9231742277876,32.47927513443586,30.223678130284544,30.223678130284544],"C":[3.1914893616851523,3.4090909090715398,3.9473684210266624,0.8849557522045579,0.6172839506134736,0.0,0.0,0.0,0.0,0.0,0.0,0.0,0.0,0.0,0.0,0.0,0.0,0.0,0.0,0.0,0.0,0.0,0.0,0.0,0.0,10.204081632444815,22.03389830471129,39.189189188659604,43.820224718608756,43.820224718608756,43.33333333285185,45.94594594532505,40.96385542119321,35.99999999952,26.56249999958496,26.56249999958496]}