{"A":[46.50803361135604,48.151179372293456,19.530645027007296,24.711050813948674,45.27710494866187,48.00768741687452,47.134687734096474,44.31457939120679,48.35270638272473,48.01235678938451,38.55225129321073,39.499855822204836,41.24429826149134,47.870046584459345,34.858859467868086,29.665581822148994],"B":[41.49747119504682,41.799090900149345,28.57980995127572,32.47927513443586,41.799090900149345,45.077946401986964,46.582114827517955,47.74787059601174,52.38404739325078,54.83815777264256,53.03780748177104,52.38404739325078,53.21928094887362,53.750394313469236,51.49747119504683,48.826430493618425],"C":[48.936170212418894,49.999999999652786,54.38596491132657,53.333333332622225,67.36111111064334,71.27071823165045,72.63681592003664,69.72477064188199,68.77076411937286,66.10644257684565,61.26984126964676,58.13953488352778,55.799373040577436,55.89123867052601,52.29681978780108,48.51063829766591]}