{"A":[51.363464347866596,35.81064433987879,26.249579259858606,38.48427641927438,21.552099174101343,14.312292056055,18.06812147069671,18.81768451671347,15.794335013221527,16.151136503939156,30.58789356783663,86.02195832223475,99.99774286641923,83.44871464537599,77.63032384796844,84.26520133514677,77.49021140710855,67.40220871069451,46.35803677743661,68.20680234442267,63.92938784359578,56.530835613774485,55.61218566709894,58.959251730213225,62.21193990868619,62.6298206998643,61.36481376607895,61.88180300730471,57.17732075610061,55.67419605212956,57.22780899510218,62.304719524316,61.994361218173935,61.806014527461485,63.36986956782417,65.31045958185405,66.63302297603548,52.729652209267044,53.901543311387485,60.32201328708152,67.58023717574224,62.377040125115656,58.96450591361358,58.904296177190616,54.10484004608614,46.07845077151438,42.799028568172304,43.543556083930355,42.954397900602004,43.0074403558321,39.12576381592544,35.365082482738984],"B":[38.70364719583405,38.70364719583405,38.07354922057604,39.30737337562887,38.82643049361842,36.43856189774725,33.39850002884625,32.66786540694902,29.06890595608519,26.438561897747242,28.073549220576048,22.854022188622487,26.14709844115208,30.66089190457772,32.66786540694902,35.69855608330948,34.09390936137703,37.14245517666122,40.11227255423254,50.821490413538726,55.430318202552385,58.57980995127573,62.923216328020395,66.98704666770345,68.76516946565002,68.71905237659186,71.08524456778169,73.71776644337925,74.189067312579,73.56451970221755,75.01837184902298,77.22807531169548,77.06496018061188,75.56506054671928,74.86835021563051,75.02831804066744,73.75039431346926,72.05793249397158,74.46049406716551,74.16797527606059,74.2836017270429,73.90168956200185,76.3390340934852,76.60887270302567,74.75733430966399,76.93486957499326,77.77255315191923,78.00899899920304,76.93486957499326,77.83816759320182,77.12527000439823,74.9585502688717],"C":[0.0,0.0,0.0,0.0,0.0,0.0,0.0,0.0,0.0,0.0,0.0,0.0,0.0,0.0,0.0,2.1276595744454503,4.761904761848072,3.8461538461168634,3.124999999975586,2.2222222222139916,1.6129032258021159,1.0799136069091146,0.9584664536725903,0.7228915662641893,0.9584664536731007,0.8547008546999416,3.0825022665429898,9.969788519629933,15.789473684198985,22.366412213723386,27.881297446495594,32.08999407931788,37.1856287424927,38.73754152821346,38.35425383539864,38.34482758618045,39.788997739231505,43.89830508470856,48.637015781887634,49.99999999996339,51.633986928067074,52.79642058161611,51.32241813598783,51.4833127317358,51.65144061837551,52.87009063440914,53.64880273657147,53.56141334825936,56.012084592111165,58.96708286035246,58.85509838994702,59.32085932081821]}