{"A":[46.53492285312814,41.16339423667122,38.61936523920093,40.52851860674332,28.574087452869605,34.61398489164236],"B":[57.10806433699352,55.274770060603956,51.84875342908285,49.82993574694311,46.794800995054466,49.12889336229962],"C":[54.06698564580367,46.195652173787515,39.310344827450656,38.49206349191075,37.25490196060169,40.833333333163196]}