{"A":[38.78496189624107,47.25780735431363,51.60686168375503,44.921466126190836,34.24870265845303,15.502094115813264],"B":[57.681843247769265,56.68884984266248,54.178525148858974,51.49747119504683,49.4251450533924,44.262647547020975],"C":[50.80459770103264,52.21674876834429,54.252199413330636,55.83038869238223,60.40816326505956,69.00584795281284]}