{"A":[3.5177973248054144,71.30391771512168,71.30391771512168,52.59759840696958,52.59759840696958,52.59759840696958,51.22890538429246,47.803094058278504,47.803094058278504,68.05179532888349,67.26210886782442,67.26210886782442,77.30971347432114,73.14069149987694,51.95384858973782,65.37894906650044,74.27154328034658,76.308644591958,49.876024769446246,52.737787462453525,57.54423229534419,57.54423229534419,16.74590040706768,22.005793407006493,0.7078718562855073,1.7808686294200697,5.434098907155942,1.2029539453031646,1.2029539453031646,1.2029539453031646,0.052770375027591854],"B":[0.0,10.8746284125034,10.8746284125034,19.06890595608519,19.06890595608519,19.06890595608519,28.328900141647424,24.59431618637297,24.59431618637297,23.219280948873624,23.575520046180838,23.575520046180838,20.874628412503398,22.0945336562895,23.219280948873624,19.54196310386876,25.84962500721157,26.14709844115208,25.23561956057013,24.59431618637297,23.923174227787605,23.923174227787605,18.073549220576037,17.548875021634693,8.073549220576037,3.2192809488736263,1.699250014423126,4.594316186372978,0.0,0.0,0.0],"C":[99.99999994999999,12.49999999921875,12.49999999921875,10.34482758585018,10.34482758585018,10.34482758585018,5.357142857047195,2.325581395294754,2.325581395294754,0.0,0.0,0.0,0.0,0.0,5.128205128073636,6.666666666444445,4.255319148845632,4.166666666579862,4.444444444345679,4.651162790589508,0.0,0.0,7.407407407133058,7.692307692011835,15.384615383431951,22.222222219753085,24.999999996875,19.999999998,0.0,0.0,0.0]}