{"A":[8.110000000272066E-5,8.110000000272066E-5,8.110000000272066E-5,8.110000000272066E-5,8.110000000272066E-5,8.110000000272066E-5,8.110000000272066E-5,8.110000000272066E-5,8.110000000272066E-5,8.110000000272066E-5,8.110000000272066E-5,8.110000000272066E-5,8.110000000272066E-5,8.110000000272066E-5,8.110000000272066E-5,8.110000000272066E-5,8.110000000272066E-5,8.110000000272066E-5,8.110000000272066E-5,8.110000000272066E-5,8.110000000272066E-5,8.110000000272066E-5],"B":[0.0,0.0,0.0,0.0,0.0,0.0,0.0,0.0,0.0,0.0,0.0,0.0,0.0,0.0,0.0,0.0,0.0,0.0,0.0,0.0,0.0,0.0],"C":[0.0,0.0,0.0,0.0,0.0,0.0,0.0,0.0,0.0,0.0,0.0,0.0,0.0,0.0,0.0,0.0,0.0,0.0,0.0,0.0,0.0,0.0]}