{"A":[46.72585380769763,63.77582711901917,69.59082025187158,69.42224256301074,66.83817594859372,36.8500275225791,67.67919509806066,64.12217794158889,63.94610435223905,64.6760523432624,74.57677679223019,68.8916423489463,63.238456010267356,75.04448289674093,90.77925347961045,80.1370383425334,62.11480926328878,58.36523221562166,54.77126937365816,44.58626681523296,36.467246531704546,28.65098473221701,26.759814128180523,30.63962934219174,36.906970769098535,34.38101756549858,37.84839905653797,34.0614990139876,36.03236570921638,15.390739145656454,8.485450171243599],"B":[57.14245517666123,52.57387842692651,51.24121311829187,52.94620748891626,53.79378367071263,51.69925001442312,55.39158811108031,59.6289600533726,62.43173983472951,61.799090900149345,61.89824558880018,61.82394353404529,59.36637939002571,52.38404739325078,44.99845887083205,58.57980995127573,62.69126679149419,64.77758266443888,64.00879436282185,67.8135971352466,69.23327485419193,67.632123668144,67.19388820942083,70.19590728357882,72.90018846932618,70.91435386323607,69.94353436858859,67.2962074355304,64.55327220304561,59.74414589805528,56.79480099505447],"C":[49.16467780417861,37.377049180205326,37.410071942311475,35.78274760371954,34.03614457821074,37.97909407652272,43.66576819395239,43.172690762965516,41.322314049518475,43.350604490425994,45.283018867846856,44.48275862061296,39.468302658405996,38.870431893558575,38.33333333312037,37.14902807767355,31.49350649345537,28.23033707861204,28.592592592550233,27.417519908956294,28.556701030898395,23.387096774166604,25.653206650800886,30.183220829286228,31.574740207808492,33.57798165134534,33.169774288485605,36.438679245240046,37.375178316637125,40.63745019912224,49.14425427860845]}