{"A":[42.74758240730435,43.9569209289011,46.16981614883474,46.547859371828224,49.672960267899356,47.762381717282864,35.445522979180396,44.416605285939085,25.905759974609353,41.458873874831994,56.91952865672744,64.70891579543309,64.1792238159999,62.07964435009774,61.127387482143234,47.18091423750843,44.973070109709624,39.45401859199751,39.629288049355665,35.54189585374911,29.387415274276066,42.70967881979425,43.824028371941864,49.72449900329889,60.80951023678051,65.21693505429553,69.08115597466502,64.57527095648686,72.44247683798184,91.11749129633867,95.94390834539624,99.79035451091366,99.99985942679248,99.99999999999753,100.0,100.0,100.0,99.9999998554884,100.0,99.99999999999801,99.9999999999977,99.99997704855537,99.9997289930879,100.0,77.73286443224623,76.04640969426049,74.19801279673973,38.210281720897,49.321027717508,24.159916011475715,35.486058342628354,47.373861367654314,57.07894461895248,53.11684924652053,42.434349463953396,29.613638195753282,26.8615206355759,26.99692046447275,19.89695784933342,18.2605510793273,8.034002817809466,9.159592316578312,8.18852420574568,8.626435671858118,46.31915511734374,99.79158465295023,99.20466653603182,96.21303607048867,92.48875397486907,79.43833445674119,77.7977123916701,41.124607939449305,56.570891285623105,57.110856457432874,57.17369633626717,97.06921027837203,99.99028194768621,99.99212021229613,99.99994265597795,99.82066481274063,99.95743816954317,95.85705526995989,97.4186645430944,95.94034528929959,94.63983901763069,94.39075685644937,83.94937132090533,89.75978959300599,38.53580260296141,39.8556290887355],"B":[42.19168520462162,44.008794362821845,48.6418614465428,50.22367813028454,49.36637939002572,48.8874324889826,44.42943495848729,44.5121111183233,40.3342300153745,42.09453365628949,43.03780748177103,44.5121111183233,44.99845887083205,46.86500527183219,47.414669864011465,45.39158811108032,45.69855608330948,45.924570372680805,46.86500527183219,45.46894459887638,44.59431618637297,45.999128421871276,46.724253419714955,49.248125036057814,52.47927513443585,53.083390301394076,52.90018846932618,51.69925001442312,52.38404739325078,50.49848549450562,45.62242424221073,42.85402218862249,43.39850002884624,44.918530963296746,42.94620748891627,47.87902559391432,49.77279923499917,55.03825737995751,58.61086905995393,58.9178370321831,58.3605035505807,56.073303137496104,54.63524373271181,51.44658242831882,44.83815777264256,42.57387842692652,41.59871336778389,37.813597135246596,39.54196310386876,33.9231742277876,33.21928094887362,31.49747119504682,38.32890014164742,42.85402218862249,45.31381460516312,45.156998382840435,44.262647547020975,44.99845887083205,40.980320829605276,37.14245517666122,27.004397181410926,26.14709844115208,26.438561897747242,22.479275134435852,33.03780748177103,41.292830169449665,44.59431618637297,46.220518194563766,49.71543553950772,51.49747119504683,49.82993574694311,48.13781191217038,47.07359132080882,45.077946401986964,39.77279923499917,34.59431618637298,35.23561956057013,25.545888516776376,31.69925001442312,40.660891904577724,49.36637939002572,53.61943773735241,59.068905956085196,60.44394119358454,60.38918989292304,59.15879378835772,56.79480099505447,54.51211111832329,48.57980995127572,52.19168520462162],"C":[35.81081081056885,39.880952380714994,40.517241379135704,41.31274131258181,45.081967212929996,47.033898304885454,47.39884393036186,45.97701149398864,49.230769230390536,43.537414965690225,41.40127388508662,42.52873563193949,43.3333333330926,41.95121951199049,38.49765258197888,42.70270270247188,42.857142856916106,42.7083333331109,41.46341463394408,43.01075268794081,45.14285714259918,47.15025906711322,46.305418718983724,49.58677685929923,50.49504950478385,49.36708860743872,50.32051282035154,48.43205574896017,44.85049833872143,38.63636363621728,33.51063829769409,34.193548386876174,32.91925465818063,35.19553072606036,42.948717948442635,46.36363636342562,49.800796812550594,53.867403314768325,54.31034482746916,56.54008438806637,57.4561403507512,58.868894601391084,59.374999999831324,51.418439716129726,48.87640449410744,44.73684210496884,42.253521126463006,42.201834861998144,39.83739837365985,46.98795180666279,54.43037974614645,54.28571428493877,53.98230088447803,54.83870967706556,53.26086956492794,54.94505494475306,53.21637426869464,53.33333333303704,52.20588235255731,50.96153846104845,54.90196078323722,49.99999999895834,46.93877550924615,35.13513513418554,33.33333333290598,20.863309352367892,22.857142857012246,20.408163265202,23.1999999999072,26.14840989390054,26.98412698401991,36.607142856979436,36.53846153828588,40.88397790032661,44.7999999996416,43.67816091903818,43.95604395556092,39.13043478175804,25.352112675699264,18.79699248106168,13.934426229451088,19.512195121891732,22.964509394524082,23.90891840602674,24.190476190430115,25.726141078784803,30.80684596569485,30.372492836589192,33.33333333318904,28.956228956131465]}