{"A":[46.211715725996896,46.211715725996896,46.211715725996896,1.8423219108903055,4.824500000069065E-4,4.824500000069065E-4,4.824500000069065E-4,4.824500000069065E-4,4.824500000069065E-4,4.824500000069065E-4,4.824500000069065E-4,4.824500000069065E-4,4.824500000069065E-4,4.824500000069065E-4,4.824500000069065E-4,4.824500000069065E-4,4.824500000069065E-4,4.824500000069065E-4],"B":[15.23561956057013,15.23561956057013,15.23561956057013,0.0,0.0,0.0,0.0,0.0,0.0,0.0,0.0,0.0,0.0,0.0,0.0,0.0,0.0,0.0],"C":[40.9090909072314,40.9090909072314,40.9090909072314,0.0,0.0,0.0,0.0,0.0,0.0,0.0,0.0,0.0,0.0,0.0,0.0,0.0,0.0,0.0]}