{"A":[48.95577727055476,55.08818527107928,100.0,100.0,82.75345728964177,87.71111598013499,87.71111598013499,49.810091061766656,49.86080561796689,49.13361142697556,67.09206981689533,41.836280270007876,41.836280270007876,41.836280270007876,9.029999999654592E-5,9.029999999654592E-5,9.029999999654592E-5,9.029999999654592E-5,9.029999999654592E-5,9.029999999654592E-5,1.3786961598845693,1.3786961598845693,1.3786961598845693,0.31217131600354264,0.3324930453159425,0.3324930453159425,0.17937408795717147,0.17937408795717147,0.17937408795717147,4.140229693866431,8.174294485450844,8.174294485450844,1.0039999999378324E-4,1.0039999999378324E-4,1.0079999999845768E-4,0.11309292158144046,0.04099200841169193,0.04099200841169193,0.04099200841169193,0.04099200841169193,0.025029986019191597,0.27746268336086644,99.85551046545302,65.68910070973882,3.8864931181616242,3.8864931181616242,70.39328681876873],"B":[35.39158811108032,22.479275134435852,0.0,0.0,13.923174227787607,15.84962500721157,15.84962500721157,12.479275134435852,17.004397181410926,17.548875021634693,5.849625007211565,1.699250014423126,1.699250014423126,1.699250014423126,0.0,0.0,0.0,0.0,0.0,0.0,0.0,0.0,0.0,0.0,3.2192809488736263,3.2192809488736263,0.0,0.0,0.0,0.0,0.0,0.0,0.0,0.0,0.0,0.0,0.0,0.0,0.0,0.0,0.0,0.0,4.594316186372978,7.004397181410922,8.073549220576037,8.073549220576037,13.219280948873626],"C":[14.130434782455104,35.13513513418554,19.999999996,19.999999996,9.9999999995,13.043478260302457,13.043478260302457,11.111111110493827,11.99999999952,15.38461538402367,27.27272727024793,24.999999996875,24.999999996875,24.999999996875,99.99999989999999,0.0,0.0,0.0,0.0,0.0,49.9999999875,49.9999999875,49.9999999875,59.999999988,77.77777776913581,77.77777776913581,99.99999998571428,99.99999998571428,99.99999998571428,99.99999998333334,99.99999994999999,99.99999994999999,0.0,0.0,99.99999989999999,99.99999994999999,99.99999996666666,99.99999996666666,99.99999996666666,99.99999996666666,99.99999994999999,59.999999988,49.999999994999996,41.66666666319445,46.153846150295855,46.153846150295855,47.3684210501385]}