{"A":[100.0,25.03938587689224,25.03938587689224,25.03938587689224,25.03938587689224,0.0012982499999196762,0.0012982499999196762,0.0012982499999196762,0.0012982499999196762,0.0012982499999196762,0.0012982499999196762,0.0012982499999196762,0.0012982499999196762,0.0012982499999196762],"B":[0.0,0.0,0.0,0.0,0.0,0.0,0.0,0.0,0.0,0.0,0.0,0.0,0.0,0.0],"C":[33.33333332777777,99.99999994999999,99.99999994999999,99.99999994999999,99.99999994999999,0.0,0.0,0.0,0.0,0.0,0.0,0.0,0.0,0.0]}