{"A":[56.903704463881354,56.903704463881354,72.24825146179586,46.21171572598789,46.21171572598789,72.98300836031109,18.8455457063981,18.8455457063981,46.21171572598982,46.21171572598982,57.02367697771004,69.96987130026767,64.41762247960406,64.03480858813558,75.96560616693685,75.96560616693685,51.206058589515095,51.206058589515095,7.803046935454191,15.201540022876145,15.201540022876145,15.201540022876145,1.3465000000678629E-4,1.3465000000678629E-4,1.3465000000678629E-4,98.19824685147103,96.2486435759231,90.57332422949605,90.57332422949605,64.41336489427744,64.41336489427744,88.34404379636058,87.8632205806397,89.11183141183034,89.11183141183034,89.75254638331162,89.75254638331162,2.4211703164786087,7.807500000467371E-5,7.807500000467371E-5,7.807500000467371E-5,7.807500000467371E-5,55.484348429588294,68.39261600801606,68.39261600801606,55.484348429588294,55.484348429588294,47.30477647328675,34.790220909490955,0.024348533936645822,0.024348533936645822,0.022546603513163177,0.022546603513163177,71.60453423284642,71.60453423284642,71.60453423284642,71.60453423284642,71.60453423284642,71.60453423284642,7.807500000467371E-5,7.807500000467371E-5,7.807500000467371E-5,7.807500000467371E-5,7.807500000467371E-5,7.807500000467371E-5,7.807500000467371E-5,7.807500000467371E-5,7.807500000467371E-5,7.807500000467371E-5,94.1159600546217,94.1159600546217,94.1159600546217,69.53407212686716,66.1022456067133,66.1022456067133,63.18114341359225,63.18114341359225,63.18114341359225,64.19029126862432,63.10449586482656,63.10449586482656,4.339999999558586E-5,4.339999999558586E-5,4.339999999558586E-5,4.339999999558586E-5,4.339999999558586E-5,4.339999999558586E-5,4.339999999558586E-5,4.339999999558586E-5,4.339999999558586E-5,4.339999999558586E-5,4.339999999558586E-5],"B":[13.219280948873626,13.219280948873626,12.479275134435852,9.068905956085187,9.068905956085187,10.0,0.0,0.0,4.594316186372978,4.594316186372978,13.219280948873626,10.0,15.84962500721157,16.438561897747242,12.479275134435852,12.479275134435852,7.004397181410922,7.004397181410922,0.0,0.0,0.0,0.0,0.0,0.0,0.0,4.594316186372978,7.004397181410922,9.068905956085187,10.8746284125034,12.479275134435852,12.479275134435852,19.06890595608519,19.54196310386876,18.579809951275728,17.548875021634693,16.438561897747242,16.438561897747242,0.0,0.0,0.0,0.0,0.0,10.0,20.0,20.0,20.874628412503398,20.874628412503398,21.292830169449665,13.219280948873626,0.0,0.0,0.0,0.0,0.0,0.0,0.0,0.0,0.0,0.0,0.0,0.0,0.0,0.0,0.0,0.0,0.0,0.0,0.0,0.0,4.594316186372978,4.594316186372978,4.594316186372978,10.8746284125034,37.004397181410916,37.004397181410916,37.279204545631984,37.279204545631984,37.279204545631984,36.43856189774725,7.004397181410922,7.004397181410922,0.0,0.0,0.0,0.0,0.0,0.0,0.0,0.0,0.0,0.0,0.0],"C":[0.0,0.0,0.0,0.0,0.0,0.0,0.0,0.0,0.0,0.0,0.0,0.0,0.0,0.0,0.0,0.0,0.0,0.0,0.0,0.0,0.0,0.0,0.0,0.0,0.0,0.0,0.0,0.0,0.0,0.0,0.0,0.0,0.0,0.0,0.0,0.0,0.0,0.0,0.0,0.0,0.0,0.0,0.0,0.0,0.0,0.0,0.0,0.0,0.0,0.0,0.0,0.0,0.0,16.666666663888886,16.666666663888886,16.666666663888886,24.99999999375,24.99999999375,24.99999999375,0.0,0.0,0.0,0.0,0.0,0.0,0.0,0.0,0.0,0.0,0.0,0.0,0.0,0.0,0.0,0.0,0.0,0.0,0.0,0.0,0.0,0.0,0.0,0.0,0.0,0.0,0.0,0.0,0.0,0.0,0.0,0.0,0.0]}