{"A":[46.839751438362384,48.01300325265001,45.527565761039284,41.69290987809441,36.596610594285465,35.13289787216374,35.83573983505838,36.916998454063474,32.512930424599375,33.70463065546042,34.45226202634058,34.90773422495954,35.91817842434048,34.83610240360943,33.584118823365145,33.76888220774566,34.878601443490965,31.245421202088608,27.27429965864897,28.61062018966993,34.66634409275977,37.21536979601822,44.83428043573207,47.79902932947428,51.25843791204301,50.84352213482282,41.76413206717709,42.40204727612479,35.98460017990922,31.110455813558758,31.85969226872652,46.80048115412811,47.43735604246598,49.97402176512716,55.150863476998126,60.48484202859578,55.5359443600785,48.566554394740365,47.13344374625859,50.64526179221238,48.01273543863235,49.08349380806192,51.71726723607253,56.688665218888815,59.66175679897444,58.915380634469756,61.76555221812288,59.70634771411639,59.173250320977445,54.24562400537053,51.53405906165932,53.769614002027794,50.99093083133624,51.849513963631125,59.25393315064983,59.64612850891524,73.9360313818066,70.02628428899803,70.03771861928294,71.70404428396495,65.55406403443865,70.87835967798972,67.07132090467638,65.86903573847366,61.72018583343228,56.82510272049686,58.75041853194074,54.71880091809254,50.14364442802352,60.423901090897175,73.94799330630465,83.79068701589026,88.96501068179259,94.70969498594474,97.48171769048346,95.75214350147985,85.10641096669514,80.57364755908955,61.11932249660637,51.146624580303325,56.42849042515368,56.75917697393538,65.24837469498695,65.91424472158877,68.09658657052492,70.51454257334913,62.632629420191876,63.973321738493325,53.21108204554548,50.52888234370411,49.57403336758205,49.15251387027112,49.7816392727284,43.34183591813857,39.49256477300116,39.23047503103007,40.023141037875774,37.67785728141453,34.6604466118134,34.689439790991315,39.16221256461009,39.17767994011794,39.18204276146864,41.61875496680673,40.16720256298319,42.270455535286914,41.702560484302865,44.046737332476084,45.8567234362981,45.34595410981095,49.72870287467444,48.40078864206052,49.0410974563018],"B":[71.94756854422249,69.98590429745329,71.57346935362844,70.96715154488537,68.9178370321831,69.1288933622996,71.87352073200498,74.46049406716551,72.08234358339789,71.69925001442314,71.84875342908283,73.20800548881637,71.69925001442314,68.6418614465428,68.16983623255382,68.85696373339394,68.93301530860563,66.43856189774725,65.71752643503545,66.25708843064466,68.48622940429338,68.48622940429338,69.60001932068081,68.73444112515378,69.15879378835774,67.58223214726725,65.19636252843213,66.91743519171276,64.93855449240824,62.9691620687929,60.14020470314934,65.88714635582264,68.40777923595054,66.95228291495751,69.52741247186489,71.11135670234708,72.55028569818731,70.19590728357882,69.68666793195209,71.45932145820517,72.76124405274238,74.56354415108288,75.86839787961827,78.74212934830874,80.09828617368109,80.15415052386687,81.42745276751529,81.51016538892249,81.86114239541644,81.56083076288682,81.79909090014934,81.47204924942228,80.3204572693081,80.43027283594549,80.82814337672275,79.54196310386875,80.08428622070582,81.14393054867307,80.68778277985415,80.55960234452294,79.39579214314693,82.85980105928212,84.42425193331609,84.7269083924278,86.38435913990472,86.60441650209172,87.22807531169548,86.6222330531784,85.06307581100307,86.82116764950074,86.82555741080309,88.3723370033909,89.34428040626804,89.79425195331474,89.78352958165144,88.32890014164741,87.41888272735251,85.56506054671928,86.39340708652233,87.46514321138464,89.81923987317342,91.32821006779572,92.50002267840449,93.6577563532627,92.95481973695368,91.55450731312138,90.29977346589578,91.06235761615748,91.4720492494223,91.1829223302699,91.66163082646113,92.67957084402839,93.69869938634876,92.29419688230419,90.85804380278086,90.36517070486519,90.1924321660361,89.3258386928929,87.43572188935636,87.43992861060175,88.71520262329113,88.83025068440175,88.649599151426,89.62534563511271,89.65423565810129,89.5891515609135,89.12889336229964,89.67946705812707,89.29258408636971,87.87902559391433,87.88310503700919,88.02516365121224,88.1177605532666],"C":[2.134927412466153,4.892367906061749,16.38913234003822,20.74954296158981,27.397260273943736,37.383177570054634,49.09871244630979,51.72166427542918,54.39932318100305,57.42832319716992,59.501289767790624,61.65884194048383,59.25282363157319,61.33190118145937,64.37291897884087,62.85714285707634,62.63157894730249,63.4543178972923,63.81578947360025,64.51204055758618,58.631921824040575,55.917480998853506,52.06030150748536,50.37353255063994,48.91191709839491,46.58959537566869,49.249658935812754,51.57384987887219,55.6944444443671,58.12101910818771,60.65891472856462,62.418725617604146,62.33624454141666,67.14975845402518,67.47474747467932,65.33936651577797,63.71826371821153,63.35583413687237,65.23476523470006,66.43109540630175,67.15092816782312,64.10256410251844,65.51724137926772,63.11300639655485,60.94129063558421,59.20734654419565,58.362831858381256,61.76858776944049,61.27093173033007,62.867163524742274,64.55368693399545,64.57873842079198,64.83516483513387,63.726884779486134,60.51660516602375,58.69894099845754,55.70665371536877,54.87364620936152,54.774103400067645,53.38345864659145,56.64798777378673,58.09294871792544,59.41768511859834,61.24604012669439,62.754941951659006,63.720642768830736,64.22018348621953,66.54320987652267,68.77579092157194,62.039573820376845,56.6342057212244,54.37397484962975,49.91055456170459,44.86004458755391,42.885473475447974,43.734576364122915,46.49532710279016,46.42975755561394,54.18626528690681,61.01892285296623,57.12166172105413,56.39198218261549,52.977412730995276,52.54879666476169,50.218861918016266,47.59921069939758,52.403731164780574,55.104355716865896,59.514884233724466,61.619797525295475,62.58977149073719,64.30744270937653,64.04006046861979,65.29889606330653,66.1988034974537,66.16666666665091,67.66265060239333,67.96315250765917,68.29054842471753,68.9122193059,69.1404164441887,69.3855932203206,69.24108340035687,69.82456140349127,71.38569284640536,69.37185929646498,67.41893644615631,68.26466916352852,67.35060271862854,65.06364922204666,61.142533936634294,62.81153738446855,63.66165831940355]}