{"A":[52.014709394455906,54.05968666817887,52.37483027994281,39.69657876739646,29.73819368829942,9.383170732721396,32.11000579186515,34.30645418542596,43.382247359987076,46.81549812031329,45.977354060636515,55.60045445024389,48.23432174783778,57.8058462822884,5.734901180398481,0.09638721613710288,5.384499999934178E-4,5.384499999934178E-4,5.384499999934178E-4,100.0,5.599289472396279,5.454078942804969,5.454078942804969,5.454078942804969,49.28361796710254,49.28361796710254,51.6535535932903,79.73540382593964,79.73540382593964,52.05326308788881,5.435999999860996E-4,3.50748395919976,100.0,100.0,100.0,100.0,100.0,100.0,100.0,100.0,100.0,100.0,100.0,100.0,100.0,100.0,100.0,99.9999999999988,100.0,100.0,100.0,100.0,100.0,100.0,100.0,100.0,100.0,100.0,99.50547536571324,100.0,100.0,100.0,100.0,100.0,100.0,100.0],"B":[42.85402218862249,40.76815597050832,42.09453365628949,40.660891904577724,38.57980995127572,37.944158663501064,41.0852445677817,42.761244052742384,44.5121111183233,42.57387842692652,41.0852445677817,39.54196310386876,33.9231742277876,30.223678130284544,1.699250014423126,0.0,0.0,0.0,0.0,4.594316186372978,7.004397181410922,8.073549220576037,8.073549220576037,8.073549220576037,13.923174227787607,4.594316186372978,1.699250014423126,0.0,0.0,1.699250014423126,0.0,0.0,27.548875021634693,37.54887502163469,45.23561956057013,49.657842846620866,51.947568544222484,55.39158811108031,56.22051819456377,56.969675262342875,55.961897561444104,55.46894459887638,56.073303137496104,56.3662462054365,57.74787059601174,56.582114827517955,59.27777962082342,60.55282435501191,63.35390354693924,63.85862400641463,64.241662888181,66.23881490013459,67.59888183221834,67.56556322524088,66.27533884472794,67.22807531169548,66.42051692927977,65.19636252843213,62.80770770130603,62.43173983472951,66.0362634498619,64.00879436282185,64.97851836951119,66.5105169117893,66.65335917185176,67.15961990255146],"C":[56.77419354802081,58.95522388015706,53.741496598273876,56.39097744318503,57.39130434732703,64.54545454486777,68.61313868563057,68.18181818137545,70.11494252833268,69.73684210480437,70.07299270021845,68.29268292627404,61.44578313178981,62.49999999902344,74.999999990625,49.999999974999994,99.99999989999999,99.99999989999999,99.99999989999999,89.999999991,91.66666665902777,92.30769230059171,92.30769230059171,92.30769230059171,84.99999999575,79.999999992,74.999999990625,71.42857141836735,71.42857141836735,74.999999990625,99.99999989999999,83.33333331944445,56.60377358383767,52.33644859764171,51.36612021829855,50.602409638351,51.02739726009923,49.32614555242769,49.87277353676877,51.20772946847535,51.29533678743188,52.01072386045037,53.9845758353368,55.41561712832389,58.12356979391734,57.56823821325665,54.73251028795323,55.36723163831381,50.85271317821574,49.700598802320805,46.064139941623814,46.700507614153935,42.84064665122074,42.12962962958087,41.39240506323875,43.6018957345455,44.98746867162282,45.29331514318514,52.17391304339425,53.05785123958172,47.232947232886445,47.5555555554851,46.260387811570276,47.82067247814717,48.4586929715802,46.42857142851616]}