{"A":[46.2117157259658,54.66182735295902,57.497344494509605,58.142422165471004,58.142422165471004,58.142422165471004,92.30054876208987,100.0],"B":[39.30737337562887,33.21928094887362,33.21928094887362,33.03780748177103,33.03780748177103,32.66786540694902,16.438561897747242,0.0],"C":[0.0,0.0,0.0,0.0,0.0,0.0,0.0,0.0]}