{"A":[50.12788641384745,49.65386555786094,45.12530710483958,51.858256754382126,65.06112215220568,64.68142906828518,64.39211742662923,62.10349831695504,61.07371248337756,65.50485151572985,62.520093985326895,54.79412672570294,55.24642504008298,52.53569989074097,50.91052675726107,48.46409962309943,44.25980442887794,45.274075009275435,46.13412144048016,45.724407493540724,42.60738427855503,37.41310258676606,35.96943529293833,30.182040464526608,26.004782117325377,30.880325108608133,39.078136311519955,43.097438574238254,43.53230659454843,46.7125240515434,54.168518655854484,54.680401424745185,56.617369663759206,57.7341631026751,57.83250546601391,56.65114865712272,51.3024300497822,46.96615192443659,45.79414686044211,42.62784243653326,43.13372698748435,46.337387311170346,46.04702793615988,44.97027418858622,39.77783893536369,39.19616321937198,35.23350812169454,35.29182072150061,35.145881882681266],"B":[44.757334309663975,44.59431618637297,39.77279923499917,53.35390354693924,61.44658242831882,65.03825737995751,67.68184324776927,70.79484783826815,75.87777516328211,78.97089128312756,81.4210705730255,83.86940245324311,84.69133019829592,86.35718120331049,86.7815995754276,86.67998535672527,85.19636252843213,85.00343969270403,85.45929769085468,83.66868586167094,81.00662339005198,77.87086324551618,75.76484346796852,71.09830654278794,67.73139206719691,67.79719355143405,72.87712379549448,77.44833837499547,80.30667136246942,83.63039630256515,87.99686361331251,91.09830654278794,92.42578689451346,93.45405246717796,94.59687756239548,94.06205005418855,91.38271800172221,89.30367747438952,89.21097088106792,88.5369942030022,87.58639637024575,87.99686361331251,89.48002130977672,89.51284714966972,88.04937672051909,87.42730476519174,85.94324603924848,85.92457037268082,85.26988205432006],"C":[7.344632768320087,5.142857142827755,1.5999999999871999,44.099378881850626,59.9999999998938,55.44827586199249,57.29047072324077,57.816836262666214,59.68790637187277,63.27387198317772,62.682602921619,63.95218528200823,62.59703599150932,64.22508645078145,66.39194139192112,67.3224715646888,66.43952299827379,63.91574585633152,62.56273001001587,60.30303030300747,55.85421412298138,48.35787089464986,48.296199213598754,47.64492753618873,51.3729977116117,48.633257403133676,56.60528422733658,63.790087463519654,66.14060258246478,68.09722749712567,67.03142536473989,67.75288526814488,68.48297213620876,68.21064770323501,66.95667613635175,64.95301271419477,64.87685822053142,63.53152229624205,60.12380706730458,55.567567567552544,53.52193995379517,53.64758698090526,53.620253164543385,52.8668855771526,50.796757058973775,46.93520140103709,44.35457780652075,42.144476838340736,38.50847457625813]}