{"A":[45.17531613180154,45.959276109716654,45.959276109716654,41.8206860384669,36.98081988175818,44.57342999067771,42.795344776267655,16.70985795178349,32.50030891914108,41.023908421921135,51.44286177651665,61.5556419135452,59.74403858914039,50.88272610818703,48.79681930918238,52.04383446594673,49.52223770232462,46.43007919873108,38.302081585789665,47.41453096042781,58.09742629037109,57.176319879224764,55.62278182042425,49.077734861445634,49.630983118688846,57.59064681986024,51.73663517278331],"B":[1.699250014423126,27.548875021634693,27.548875021634693,28.826430493618417,32.47927513443586,35.999128421871276,38.57980995127572,37.813597135246596,42.19168520462162,48.008998999203044,48.948177633079446,52.28818690495881,54.55327220304561,53.48728154231077,52.28818690495881,51.29283016944966,53.44295907915816,51.29283016944966,50.660891904577724,50.38918989292302,52.761244052742384,51.24121311829187,52.667865406949005,52.667865406949005,51.032878084120235,53.83704292474054,53.966047811818584],"C":[0.0,7.547169811178356,7.547169811178356,6.896551724019026,15.999999999786665,22.91666666642795,26.08695652151229,36.69724770608534,32.4324324322133,36.93693693677055,36.70886075933878,36.45484949820584,36.571428571324084,35.69230769219787,38.127090300875835,37.99283154108247,39.197530864076555,40.86021505361699,41.947565542914056,42.366412213578755,40.45307443352604,38.12949640274054,27.68729641684792,27.035830618804447,23.357664233491395,25.225225225149472,22.32142857136214]}