{"A":[45.58389366702656,45.86162763446245,28.904516798634603,31.523156602035442,31.332023242761608,30.67861921682922,35.45451895810285,15.581880432744654,9.911421724428749,5.37739124280921,7.613320122500227,8.53837738103367,34.67786589471092,35.19378225359446,56.69535576487738,58.41841487657675,59.022410358259236,38.86083273255139,39.11669521856035,41.396609756426955,44.55050912197913,40.4782917372969,37.351573365666326],"B":[35.999128421871276,40.3342300153745,37.944158663501064,38.94817763307944,36.86500527183219,38.07354922057604,38.201789624151886,34.262647547020975,34.42943495848729,31.49747119504682,31.69925001442312,27.8135971352466,30.66089190457772,28.826430493618417,28.57980995127572,31.69925001442312,33.21928094887362,34.262647547020975,37.414669864011465,37.004397181410916,39.54196310386876,38.45490050944376,39.06890595608519],"C":[17.70833333314887,13.846153846047338,18.181818181652893,16.949152542229243,18.627450980209534,20.720720720534047,19.64285714268176,23.529411764429064,24.41860465087885,22.857142856816324,25.352112675699264,22.2222222218107,25.757575757185492,32.75862068909037,36.842105262511545,38.0281690135489,41.772151898205415,50.58823529352249,49.056603773122106,48.54368931991705,47.154471544332075,48.245614034664506,45.37815126012287]}