{"A":[43.103882242914494,36.86335850193382,36.394328109970076,39.58454420803713,46.14431005139784,47.527134197625685,50.83869480473621,54.64175925889029,56.37253780028806,61.0388319210372,60.903072611067785,65.02117147544598,67.57641025607825,67.87980834270235,65.53121601603974,61.44406467874239,64.98752332319171,62.37574530619392,56.23071132007885,56.78088241946966,56.65778053602054,49.24576150964333,49.00746906237649,47.55881300210592,51.43627791333225,50.26645492517781,48.575388289252885,45.325992778353,47.727602764165994,44.57367290186494,38.265892552432064,37.89607109240242,36.62783211735234,38.339607279786065,34.28741551901746,37.06513203099692,35.846327080316314,35.230689120121355,34.63779724343246,30.192366573152214],"B":[68.39203788096944,66.98704666770345,65.58420713268666,68.23367240046237,72.37209960755023,75.42064542283443,78.4235034341381,81.78042328864822,85.1224664282918,87.31319031025065,87.66528908598865,87.75610280759538,87.61551232444478,86.75516044082778,85.64149489985732,86.41600215834359,86.49256177517316,87.49869427396845,86.82994583681685,87.12956821697551,87.65286098723683,86.80359523513714,87.48612176736982,87.39780609773261,88.74981347653775,88.17783121774534,87.29195859132093,86.02698865017965,86.12868497291043,86.79919878518419,87.07790495528825,89.20352855415082,91.30570562805426,93.01210371298427,93.49834091457248,94.36971745049073,94.86080802651969,94.4527355564064,93.38736382573919,92.24001674198105],"C":[38.251366120176776,39.397590361398315,37.31739707830369,40.22099447509368,42.37147595353037,44.16107382547372,46.866485013598435,50.690846286679324,52.15753424655748,52.83907031478292,52.914154464526874,52.06847360911496,50.04321521174012,48.01223241588745,48.29864552360479,46.180338133986794,46.12270320770909,47.89427824570203,50.01521143898692,51.22169249104552,52.12643678159422,54.8918012800808,58.31395348835514,60.456273764240876,60.372836218359424,60.8755888057465,60.72480848554487,60.95207462204537,61.29032258062559,64.14634146339507,68.92942583729996,71.09677419353004,72.54070934640362,74.75227903288251,75.93408698983023,75.93795093793723,75.55788005577483,76.5243902438887,77.54392739909683,78.77900899015705]}