{"A":[8.40907591739817,11.834750566323052,13.118405077795046,20.40951842107947,24.562637425525764,27.215322042074888,29.14287422896723,28.143423912281236,27.96412237162407,27.19514846170017,30.599050835735568,36.57389479601707,34.29994120766608,34.4440787686228,35.567341358058314,36.39989171300701,35.572297386625905,35.20535800138674,35.82456521946389,36.91916482104472,44.88618301255616,43.4429043461173,43.688900858931135,42.773798387657195,46.592102587024556,48.909224928407866,34.30664054936176,32.368963143538224,34.36542448396281,43.54505642739264,51.88185329101481,51.03074255012433,65.26548768157275,97.51158102038568,98.97314248057546,97.41508632988362,92.9600413346472,88.2197575152154,70.15746310725945,29.139446514496456,96.32709272260078,99.62965075882332,99.88011246328571,99.99999994858393,99.99999907610288,99.99999999997678],"B":[64.2836017270429,67.58223214726725,68.99356922923111,72.04571144249203,73.33155350310618,75.72700226487292,77.06496018061188,75.6128794516483,75.2845411076479,74.23115910147101,75.3818893205242,75.52669097514271,76.41148597411232,78.38416075797338,80.02111776479852,82.37807473723136,83.409627642517,83.23617763291578,83.21928094887363,82.87712379549448,84.89847960439297,84.05673332281866,82.80190792216906,82.83088353024002,82.12496385193947,82.17351905270334,77.91976820898688,76.42051692927977,74.84822894262146,75.47858506058418,76.06405212697786,77.48192849589459,78.92542816648552,80.81483438093673,82.17957697864114,81.25413470483316,79.9788512782911,77.8953364497036,75.67005370247033,71.7117679765177,78.79583249612784,79.20352855415082,80.13322673425448,80.98032082960528,81.0852445677817,81.1374216604919],"C":[32.70348837204549,42.19653179185873,47.48427672950998,55.301102629300004,57.48642358412918,58.475689881696134,59.76047904188039,58.609271523139995,56.571815718118856,51.53061224486039,51.413189771163246,49.90006662221859,48.872180451097194,48.68852459013733,49.12195121948824,48.75724937860449,49.44080215964156,49.726775956264746,49.003516998808514,51.340536214465246,53.2869565217206,55.89970501472865,54.98793242153862,54.19510236850494,55.77571669474884,54.15966386552347,52.144469525929935,50.9705698183776,52.444134078175665,51.270053475901555,47.36842105260118,46.59685863871635,45.526315789449725,40.16620498613104,39.815203695909354,39.18495297803888,40.998043052817515,40.927077444860984,41.6886543535345,50.52083333328948,43.22889006901581,42.64326277746895,41.52952565341649,38.84071200363358,39.10285455367507,38.6004514672512]}