{"A":[74.35160624088832,3.2008081234707078,3.258152867056154,3.258152867056154,1.4699148119996295,4.5366800160852705,3.6594443817349998,2.0574012050662702,10.808827756118916,7.073664544671161,7.853608206096851,6.6372625566094,7.176598534444054,17.225124919796855,5.696672601197207,100.0],"B":[18.073549220576037,7.004397181410922,7.004397181410922,7.004397181410922,8.073549220576037,3.2192809488736263,8.073549220576037,9.068905956085187,15.84962500721157,20.443941193584536,20.0,18.579809951275728,16.438561897747242,16.438561897747242,9.068905956085187,0.0],"C":[7.407407407133058,16.666666665277777,16.666666665277777,16.666666665277777,15.384615383431951,0.0,0.0,0.0,0.0,0.0,0.0,0.0,0.0,0.0,0.0,0.0]}