{"A":[44.949117900333135,44.949117900333135,44.949117900333135,47.66002226930402,47.66002226930402,1.4037637280802642,1.4037637280802642,2.67449999995506E-4,2.67449999995506E-4,2.67449999995506E-4,2.67449999995506E-4,2.67449999995506E-4,2.67449999995506E-4,2.67449999995506E-4,2.67449999995506E-4,2.67449999995506E-4,2.67449999995506E-4,2.67449999995506E-4,2.67449999995506E-4,2.67449999995506E-4,2.705250000047954E-4,2.705250000047954E-4,2.705250000047954E-4,2.705250000047954E-4,2.705250000047954E-4],"B":[12.479275134435852,13.923174227787607,13.923174227787607,11.699250014423122,11.699250014423122,0.0,0.0,0.0,0.0,0.0,0.0,0.0,0.0,0.0,0.0,0.0,0.0,0.0,0.0,0.0,0.0,0.0,0.0,0.0,0.0],"C":[0.0,0.0,0.0,0.0,0.0,0.0,0.0,0.0,0.0,0.0,0.0,0.0,0.0,0.0,0.0,0.0,0.0,0.0,0.0,0.0,0.0,0.0,0.0,0.0,0.0]}