{"A":[46.60939775849175,34.903203477365594,38.18042586014286,39.04961512177573,32.10406053930578,31.7222919251669,31.155674878816257,31.40168109039908,32.38683181708035,35.96085004733902,37.51738947739673,41.79368230110711,42.79311818753442,48.94133220689224,50.28733535053743,47.55913340542841,47.642240532421596,37.651606798595736,37.11785736242118,29.375319402604532,26.615481501069127,30.554290870664573,25.829069683087567,31.868458036592443,35.78156649873293,31.494569971429087,35.35414224530854,27.26907783913201,23.983431176163947,22.74160791211027,24.227256227163295,30.971483433045847,36.87328111670115,45.90403084738833,51.246864500289746,43.345447101126155,47.16396276029184,43.28079354638473,60.45242588016842,61.94897497266177,65.00840522177191,76.94783413831027,80.79901191535373,78.42849873383477,63.89933601479416,49.63614176312288,43.237321333917436,34.670896236020496,43.256826349616176,58.246884784902676,56.567534057302424,60.093882289041176,70.35923359700624,77.82586738784454,78.24676301622637,73.10064915791847,79.88539953085191,84.84927723529361,61.976441277673786,55.29408696637705,60.73590258896198,55.48882705017283,54.81855229019712,47.07128197364,55.88893198266297],"B":[60.92757140919852,61.006623390051985,63.79378367071263,67.262181593322,66.67111542075027,66.86500527183219,68.50186837645774,70.08428622070582,69.87264012072538,70.16808287686555,70.14020470314935,71.84875342908283,72.45552706255683,71.62391328756905,72.13104219641907,70.76815597050832,70.27905996569885,66.47458426454921,63.880172853451356,62.923216328020395,60.168082876865526,59.39579214314692,57.813597135246596,58.392037880969454,56.89997971419446,54.22064766172811,55.50746785383243,54.00879436282185,52.38404739325078,52.143191208007664,54.13627929024173,60.19590728357882,63.01496194982549,65.07794640198696,66.43856189774725,66.01770788407711,67.14245517666123,64.49148645375436,64.59431618637296,63.17412613764869,63.241805466187415,63.28674927327947,60.606959316875546,59.82993574694311,58.07354922057604,57.34709620225839,55.774288280357496,55.62242424221074,59.12889336229961,62.021238238304605,63.68506461507691,66.82994583681683,68.8264304936184,71.08524456778169,71.07217075591385,70.3204572693081,69.02375114486026,67.53216749178955,66.27533884472794,64.30452551665532,64.9585502688717,65.66054038171092,66.3299519714296,67.14245517666123,68.87220615468385],"C":[23.853211009130547,34.12408759117861,34.43609022551213,38.88888888884292,48.64532019698443,48.84568651269885,48.15618221252912,42.75996112726651,44.97041420113908,44.444444444401505,43.56243949656964,44.0240756663422,46.33140972790905,46.637554585112106,46.45868465426099,46.33920296566604,46.11697027799988,44.56928838945747,41.25560538110425,45.36741214050261,44.87427466142191,46.530612244803,44.64692482905547,45.95185995613578,47.57281553386512,49.41520467821808,46.5240641709986,45.697329376719,46.84385382044238,44.59459459444394,43.82352941163582,43.43629343620958,42.698412698344924,41.95323246211561,41.17647058818376,41.75257731953382,40.64362336109578,41.40401146125873,42.10526315783484,40.973312401819506,41.562499999935056,39.87538940803758,40.71294559091799,38.21782178210254,34.228187919386514,33.17647058815723,32.2834645668444,35.54376657815506,38.66943866935827,38.945578231226285,43.63636363629752,48.96467722283926,48.2502651112956,50.58930190385259,51.90562613425417,55.73613766725073,56.589958158936625,54.64037122963499,56.58227848094104,51.378809869301335,47.29542302351277,44.121532364538815,44.51450189149494,45.64958283665596,47.04016913314266]}