{"A":[46.81356676235637,39.70747182907883,42.44472103252426,41.88326094137523,39.07599312523385,39.37449703910184,41.22689195529159,43.252543483076096,36.03889036017543,39.13959532848213,42.33194079566013,44.99626944192181,31.29438012807705,25.18636692476312,25.18636692476312,24.84760480479075,25.55622187691675,2.099161460572944,2.099161460572944,2.0051878471813467,2.0051878471813467,99.99999999997229,99.99999997353859,99.99999997584234,99.99999996918149,99.99999998940274,99.99999923530962,99.9571162786174,99.9524132058288,99.96379768999665,99.94859612292399,99.85163571824737,80.17895925831499,52.64873127234458,87.89059304079399,92.7237776427367,93.70328072504432,86.9409955733027,81.13834834110409,95.34349842685003,96.7279255567544,94.80963932229781,94.9075627224787,96.72983451455161,98.92427879427711,78.97974231844884,80.88785193347516,82.8140448210645,94.51641351168666,96.97590812665663,90.01013371454474,89.17531269517255,84.35935769322751,81.69136145704735,75.91845934904012,75.32439710395454,84.94149449238026,83.73399353678326,88.07369259068284,86.16198498938888,85.09585239925806,78.59520523769942,61.338056841604555,67.80171096395193,77.2330739713708,91.86736650966216,93.67805166378139,99.99999999992932,100.0,100.0,100.0,100.0,100.0,100.0,100.0,99.99999999682879,99.99975758810936,99.999999836889,99.9999789602798,100.0,100.0,100.0,100.0,100.0,100.0,100.0,99.99999999986761,100.0,100.0,100.0,100.0,100.0,100.0,99.99966804389854,99.44917188278532,98.94476507470728],"B":[40.660891904577724,35.54588851677637,37.279204545631984,35.39158811108032,32.094533656289514,30.66089190457772,32.85402218862249,35.23561956057013,30.874628412503398,28.826430493618417,27.548875021634693,25.23561956057013,13.219280948873626,0.0,0.0,0.0,0.0,0.0,0.0,0.0,0.0,23.575520046180838,26.724253419714962,28.826430493618417,29.307373375628867,33.57552004618085,38.70364719583405,39.06890595608519,38.57980995127572,37.944158663501064,38.201789624151886,36.147098441152096,34.42943495848729,30.443941193584536,36.147098441152096,38.82643049361842,38.94817763307944,41.799090900149345,42.94620748891627,53.083390301394076,54.13627929024173,54.30452551665532,55.19636252843213,54.42943495848729,53.750394313469236,46.147098441152075,44.008794362821845,44.5121111183233,48.39203788096945,50.55282435501191,53.083390301394076,53.706874068072175,53.21928094887362,54.63524373271181,55.19636252843213,56.43856189774725,57.17676423066395,57.64871590736091,58.45490050944376,59.97179480937621,59.483672315846775,57.813597135246596,58.265484872909155,58.57980995127573,59.12889336229961,57.84634845557521,55.15699838284043,58.948177633079446,58.48622940429338,58.45490050944376,57.31319031025065,55.430318202552385,61.59871336778389,63.597495603223294,63.68506461507691,62.992080183872794,66.09178738141979,68.45490050944376,66.5642486327778,67.33015321685963,70.01408194392809,71.31856960608793,69.09893083770042,68.04131021183318,67.05632387361413,62.57387842692651,59.94353436858859,61.42107057302552,64.1996017784789,64.53270634010623,66.07330313749611,67.22807531169548,64.51211111832329,60.579917227591764,60.41659151637216,59.94353436858859],"C":[31.57894736818362,38.709677418938604,35.23809523775964,32.60869565181947,30.136986300957027,27.272727272314047,24.675324675004216,21.97802197778046,22.388059701158387,22.41379310306183,16.9811320751513,19.999999999555556,15.789473683379502,33.33333332222222,33.33333332222222,39.999999992,49.999999974999994,49.9999999875,49.9999999875,57.142857134693884,57.142857134693884,57.4999999985625,53.99999999892,49.999999999137934,49.999999999166675,40.74074074023777,47.41379310303954,38.65546218454911,36.521739130117204,37.27272727238843,36.607142856816004,40.206185566595806,32.55813953450514,35.384615384071004,35.05154639139122,32.47863247835488,32.203389830235565,30.555555555343368,26.923076922904343,48.73417721503565,49.41176470573703,51.74418604636121,51.366120218438894,52.7377521612313,54.38066465240369,41.025641025430645,42.261904761653206,43.103448275614355,40.35087719280548,42.264150943236736,41.45569620240046,39.39393939382002,36.99059561116931,31.53409090900132,33.33333333324226,33.08270676683438,36.19047619039002,39.63133640543864,42.265795206879595,49.21568627441331,51.11561866115393,53.302961275505,52.31788079458649,49.028077753673806,43.86694386685267,34.318181818103824,30.684931506765246,25.894736842050747,21.73913043473535,19.172113289718578,20.51886792447991,22.580645161229622,21.01576182132922,23.62804878045179,21.666666666633837,23.529411764668478,22.948717948688525,20.67464635471091,19.47890818856144,13.176470588219793,12.01171874998827,11.329170383575978,9.365244536930941,8.958566629329273,11.510791366892672,14.566284779026898,20.825147347699755,18.61702127656274,16.22807017541487,20.14285714282837,18.8703465981786,20.260663507085,19.456366237454283,21.804511278154504,26.996197718579857,22.78978388993558]}