{"A":[38.938629375242186,38.938629375242186],"B":[37.414669864011465,35.69855608330948],"C":[38.679245282653966,41.489361701686285]}