{"A":[54.358974378863195,12.667706395107857,7.584999998755393E-5,7.584999998755393E-5,7.584999998755393E-5],"B":[22.854022188622487,10.0,0.0,0.0,0.0],"C":[0.0,0.0,0.0,0.0,0.0]}