{"A":[47.361871903636825,65.83696940491399,66.87011597200305,65.76184415488581,61.2967315406074,62.010299522407365,65.29089022851858,73.0974864874234,69.81146871597065,70.28588089997601,87.67348247813632,92.92498918454851,99.54430471279883,99.97898001371507,98.52456617199977,96.46776528544925,98.42408490947548,88.7177885586992,61.4614240422311,63.740920293481594,66.6717156486441,95.98123073121306,96.02029290512019,99.94376538794535,99.97623302766434,99.99999999471729,100.0,91.80295315448302,95.1111854081004,100.0,100.0,100.0,100.0,100.0,100.0,100.0,100.0,100.0,100.0,91.83565661232717,98.66142981508148,13.837784335048866,13.045621064693904,100.0,100.0,98.81156282479262,99.9999991541575,99.99999994421063,99.99999999867364,50.094917954495514,56.26840631194969,56.737042450247856,38.9880116751456,34.89975364749725,35.762269914760964,33.60977954133074,36.391863515417214,65.45185908473252,76.30141264474938,55.706774892971424,74.99273839487003,99.99806403013972,99.99999497800181,99.99829925882324,99.32978804887722,99.97667904621028,96.28605962616072,53.22658798100653,40.88153585822286,22.29935676545341,19.224700444791367,21.2663156185221,23.037596378817895,21.338194035794345,19.94814424475844,20.07061238566864,18.995200245197694,15.8755717303345],"B":[63.44295907915818,63.33155350310618,59.0388184573618,58.23367240046237,60.74141462752506,60.794847838268154,60.49848549450562,63.21928094887362,64.85829308701904,64.13627929024173,63.10612781659529,63.61943773735241,62.73795599214266,56.75957032941749,52.90018846932618,53.03780748177104,52.240016741981066,50.11227255423254,47.210991887071856,51.799090900149345,52.52665432450249,56.75957032941749,54.30452551665532,55.961897561444104,57.14245517666123,58.42350343413809,56.582114827517955,51.749256825006796,53.17412613764869,60.05624549193879,59.15879378835772,54.75733430966399,57.14245517666123,67.59888183221834,69.81567281903014,68.71905237659186,69.32214751968385,69.55649907528375,69.14385132155444,62.57387842692651,60.306671362469416,57.87902559391432,59.0388184573618,71.86114239541644,75.127404628035,76.67998535672527,78.88743248898258,80.23754353299417,80.566377151132,77.91976820898688,76.51948610723448,78.69593843240784,80.16111838220512,80.8746284125034,81.38911718142744,81.79909090014934,82.57977058563979,80.97373768990222,79.54196310386875,78.23367240046235,81.07870914279616,80.55960234452294,80.94737505048094,82.66200912498961,82.09453365628951,81.7492568250068,79.64340867792417,81.42745276751529,82.81930026955443,81.78042328864822,82.9748950116098,84.47083226209654,85.78372691360805,85.20127550324852,84.07798850221977,82.9748950116098,81.94756854422249,80.34798962577268],"C":[50.84745762704029,48.60248447197422,51.04602510449572,54.424778760941535,55.01858736049253,55.37037037026783,49.71644612466972,50.078247261267485,50.97765363121371,51.39500734206843,49.36908517342371,48.401826483944596,49.35275080898163,49.50980392144728,48.39743589728078,46.34920634905921,44.96644295286924,47.85992217880211,51.90476190451474,48.44290657422684,45.06578947353597,38.9705882351986,37.20930232547323,32.38341968903528,35.32219570397298,36.46288209599026,36.22828784110117,42.013888888743004,41.82389937093766,39.57115009738875,38.5892116181772,37.74647887313311,36.992840095377105,30.946882217054334,33.66336633660033,29.38034188031049,28.27868852456119,29.334677419325267,29.668049792500344,34.86088379699696,32.375478927141046,41.950113378589684,48.326359832534884,41.15120274910554,44.4520547944901,47.97047970476754,46.279683377284286,47.381066794787415,46.782527007963,52.03160270877425,52.98507462683272,52.51336898392914,54.541062801906016,55.17241379307808,56.433007985777984,55.10996119014441,54.24836601304973,52.32876712326377,51.638930912732405,53.285477636635406,48.09610154122933,45.11278195486602,44.87648673373976,43.29813160030736,43.72623574142639,40.58848983122432,41.86279419126597,45.53097345130729,43.91321815988593,47.40932642484999,47.49602543718303,49.55213185236491,48.87144259075929,48.80790190734032,49.92636229747794,49.32432432430472,51.088348271425055,50.83452551261286]}