{"A":[45.48757834166099,41.12665636754636,44.872311687771514,47.872150582747565,99.98902202303407,99.99977356254547,99.9996887202455,99.99931241921675,99.99914444132091,99.99884978234215,99.97171604020699,99.65312486859409,91.13497540208101,36.50540313127226,34.58877986147985,33.37424332225126,17.15726202693942,15.993335416467104,15.407122011978231,4.119295229664232],"B":[58.8874324889826,55.39158811108031,54.75733430966399,54.55327220304561,58.10571634741148,58.04131021183318,59.74414589805528,59.94353436858859,59.36637939002571,60.11227255423254,54.958550268871704,51.54818109052105,45.62242424221073,47.87902559391432,49.94353436858858,45.924570372680805,48.70364719583405,48.45490050944376,48.45490050944376,43.57552004618085],"C":[13.742071881577713,11.051212937975603,7.3239436619512,5.428571428555919,3.5714285714205998,7.399103138996862,10.15936254978056,10.216110019626294,10.02044989773002,9.902912621339995,13.055555555519291,14.436619718259028,13.2978723403548,17.72727272719215,14.566929133800919,18.749999999902343,15.450643776757722,9.606986899521369,9.17030567681585,3.0674846625578684]}