{"A":[0.6228493495625003,60.148750128079854,1.0220000000060736E-4,1.0220000000060736E-4,1.0220000000060736E-4,1.0220000000060736E-4,1.0220000000060736E-4,1.0220000000060736E-4,1.0220000000060736E-4,1.0220000000060736E-4,1.0220000000060736E-4,1.0220000000060736E-4,1.0220000000060736E-4,1.0220000000060736E-4,1.0220000000060736E-4,1.0220000000060736E-4,1.0220000000060736E-4,1.0220000000060736E-4,1.0220000000060736E-4,1.0220000000060736E-4,1.0220000000060736E-4,1.0220000000060736E-4,1.0220000000060736E-4,1.0220000000060736E-4,1.0220000000060736E-4,1.0220000000060736E-4,1.0220000000060736E-4,1.0220000000060736E-4,1.0220000000060736E-4,1.0220000000060736E-4,1.0220000000060736E-4,1.0220000000060736E-4,1.0220000000060736E-4,1.0220000000060736E-4,1.0220000000060736E-4,1.0220000000060736E-4,1.0220000000060736E-4,1.0220000000060736E-4],"B":[0.0,0.0,0.0,0.0,0.0,0.0,0.0,0.0,0.0,0.0,0.0,0.0,0.0,0.0,0.0,0.0,0.0,0.0,0.0,0.0,0.0,0.0,0.0,0.0,0.0,0.0,0.0,0.0,0.0,0.0,0.0,0.0,0.0,0.0,0.0,0.0,0.0,0.0],"C":[19.999999996,33.33333332222222,0.0,0.0,0.0,0.0,0.0,0.0,0.0,0.0,0.0,0.0,0.0,0.0,0.0,0.0,0.0,0.0,0.0,0.0,0.0,0.0,0.0,0.0,0.0,0.0,0.0,0.0,0.0,0.0,0.0,0.0,0.0,0.0,0.0,0.0,0.0,0.0]}