{"A":[47.92467984464466,30.647222151044275,37.155931344610934,47.38680578800103,46.61088483704722,46.37363834060076,44.635518824946075,46.051414186668126,43.771787112763576,38.57230888237393,43.3636697000189,44.140155794592886,48.76078081063977,42.92756411439578,46.74239042395851,48.70191314497748,49.66187842936273,50.87416922869758,52.70308425499499,57.39995009489374,49.88104011847935,57.86117008230934,59.752931934197505,60.29202104729083,64.11971536889985,67.82283018685325,68.67856694222584,59.48889612827361,64.26281705554115,67.62484248486166,64.62401247831878,60.59046387477423,60.84827452919612,63.315878043107034,62.276933057780326,55.1023348578328,56.22758163893562,55.93536624828414,61.96428875750348,54.29594063180849,53.99749677110481,55.48491030449401,50.25297861647036],"B":[42.384047393250796,41.18941072723508,53.12882955284357,59.36637939002571,61.49747119504683,64.13627929024173,67.15961990255146,70.90112419664288,69.57102041562287,67.78077129535359,67.53216749178955,67.49869427396844,66.5642486327778,64.241662888181,67.05632387361413,68.02516365121222,67.58223214726725,67.36401931318291,67.34709620225837,67.09083812550345,65.50746785383242,68.5642552862553,69.14385132155444,68.4235034341381,68.37627933171404,70.48486873992337,70.67434360756522,68.76516946565002,70.91435386323607,75.03825737995751,76.43856189774725,75.67956075415466,74.9585502688717,75.3818893205242,75.07794640198696,71.89824558880018,69.09893083770042,69.08392620773752,69.45443836377912,66.88250309133178,64.93855449240824,65.980525001616,66.84748620421627],"C":[3.3333333333111117,21.739130434625082,50.788643532962816,60.12269938638012,61.72839506161952,59.618208516799385,61.90476190468821,65.5647382919508,66.76737160114122,65.336374002206,67.98143851500235,68.72093023247822,68.85856079395923,65.74344023314032,62.82973621095584,62.89237668154384,61.38728323692325,61.854460093824116,62.98472385421506,60.885167464042,62.750333778287384,62.634989200796284,61.09958506217728,62.59541984725998,61.487964988991806,62.1928166351019,60.91417910442078,60.59637912666604,60.733944954072726,57.82219159196566,55.40963101935247,53.65853658533049,52.598752598716146,48.92328398381633,45.70446735392048,43.44473007708359,41.93548387092411,35.41666666662977,33.60406091367147,33.616504854328134,36.38888888883835,38.11369509039003,40.997566909925794]}