{"A":[7.290781527874074,11.790307218796144,14.43247647742426,15.166684725087023,22.201213445766527,15.316489987322328,38.4825800138635,46.0584875884671,55.27450434462659,56.013844447240984,66.6559286464063,57.63505790719961,26.227710278106883,83.31292622838538,83.22132379303184,96.00839510421241,91.60950993562841,85.79108789844253,76.3744726868747,60.15525745909977,58.837013352698904,58.52122789446102,53.783537413138305,46.211715725992946,24.35761088509831,41.241724114406736,55.56594518979267,64.96340325774793,74.6147235343438,73.092412609202,77.06122910502441,70.50263561257358,51.59260560978001,49.70197729708053,49.28065905746783,42.497960000692075,41.93310700721361,49.310879932803175,53.20389608797478,60.55099014748728,59.380424545645354,61.85612321735857,64.9465927547545,59.303983660591314,61.72735370775598,54.73929649270349,52.723926337419186,52.724917111959684,28.058230555105922,38.196349755013074],"B":[32.66786540694902,36.29356620079609,38.45490050944376,38.07354922057604,37.68184324776926,38.82643049361842,41.799090900149345,42.384047393250796,43.48728154231078,44.676055500829975,45.31381460516312,43.57552004618085,40.76815597050832,43.923174227787605,42.09453365628949,41.59871336778389,45.924570372680805,50.3342300153745,53.66322214245816,52.4317398347295,54.346282276367255,54.00879436282185,51.59871336778389,48.51749041416057,44.99845887083205,46.86500527183219,45.46894459887638,45.84962500721156,47.48192849589459,48.57980995127572,49.4251450533924,45.84962500721156,45.924570372680805,49.06890595608519,49.18863237274596,48.201789624151886,46.93486957499325,47.54887502163469,48.32890014164742,50.980320829605276,51.799090900149345,54.13627929024173,57.58223214726725,57.681843247769265,56.75957032941749,53.03780748177104,51.18941072723507,47.74787059601174,41.18941072723508,40.11227255423254],"C":[51.315789473009,58.163265305528945,56.140350876700516,51.35135135088873,45.37037036995027,35.04273504243553,26.388888888705637,15.333333333231112,11.728395061655998,15.909090909000517,17.934782608598184,16.56441717781249,20.149253731192918,17.365269460973863,19.727891156328383,19.01408450690835,15.104166666588,13.793103448223015,16.10942249235225,22.185430463502698,23.768115941960094,24.92581602366491,31.57894736831025,39.56521739113233,46.11111111085494,40.97560975589768,38.17204301054746,38.743455497179355,36.91588785029479,35.49783549768183,39.99999999983674,45.54973821965681,51.04166666640083,41.84100418392535,36.099585062090874,37.33333333316741,31.067961164897728,27.441860464988643,22.02643171796464,20.14652014644635,20.761245674668647,24.117647058752596,29.16666666659915,30.114942528666404,32.59803921560638,40.317460317332326,43.682310469156384,47.24770642180162,49.99999999963769,54.687499999572765]}