{"A":[1.0500000001911758E-5,1.0500000001911758E-5],"B":[0.0,0.0],"C":[0.0,0.0]}