{"A":[8.15146533845828,53.35366178391919,3.0211180590228537,3.8733659270514096,0.4101966254755638,0.5324258801482671,1.0280492725375439,4.942367455661881,20.22508851050054,23.71694233910253,27.739811437752294,27.98806258756997,21.040476321255127,12.141113402708285,5.859911269202115,5.93335641703149,2.8596264427148554,2.958574027118445,2.958574027118445,2.920308471735538,32.96259677699874,51.734228587871485,92.38662170274026,95.71089332374282,96.94576730330763,97.3475288232435,93.52376045985847,96.81933593908357,48.671303934855615,83.06264073393461,48.780016854551604,58.91565775538422,86.16272247214866,79.45911692347502,72.6982781427468,72.6982781427468,81.55469326427465,96.22961469125886,97.14989120950588,99.99999987407509,88.83043030825459,81.37016584968379,80.90063273224516,81.30866757171168,81.13113374335902,59.360790873688046,51.932647354634156,37.498080915687325,30.958777466100713,67.17556562729715,66.1942038102336,65.09262414736216,66.9145648546509,65.28473202745664,68.60912194890221,38.16466010836584,74.81127334631992,76.80656716021181,42.13636776061011,49.38969100827097,34.78010561577119,41.69597531015873,22.435642047920766,25.25531762134058,18.199675470345525,27.67549728298485,33.69668137210269,27.657043983051196,8.191118685904357,8.62904762306944,20.439271162787705,6.9930681214111985,9.094443584456243,15.832358016646566,21.391659314686166,50.61721834105282],"B":[29.54196310386876,22.0945336562895,17.004397181410926,18.073549220576037,11.699250014423122,15.23561956057013,15.84962500721157,21.69925001442312,25.23561956057013,24.59431618637297,27.279204545632,26.14709844115208,24.59431618637297,21.69925001442312,20.0,20.0,13.923174227787607,15.84962500721157,17.004397181410926,13.923174227787607,15.23561956057013,24.59431618637297,33.21928094887362,33.75039431346926,33.57552004618085,34.59431618637298,33.39850002884625,29.77279923499917,23.575520046180838,22.479275134435852,25.545888516776376,26.438561897747242,28.328900141647424,31.69925001442312,28.073549220576048,27.004397181410926,24.918530963296746,20.874628412503398,16.438561897747242,12.479275134435852,29.06890595608519,35.39158811108032,35.54588851677637,36.724253419714955,39.65784284662088,38.07354922057604,31.292830169449672,22.0945336562895,25.84962500721157,36.147098441152096,32.85402218862249,34.757334309663975,38.94817763307944,40.660891904577724,41.49747119504682,35.39158811108032,39.65784284662088,39.18863237274596,38.32890014164742,40.980320829605276,39.77279923499917,40.980320829605276,40.5528243550119,40.443941193584536,39.18863237274596,40.0,40.22367813028454,38.94817763307944,35.077946401986964,36.724253419714955,38.82643049361842,33.9231742277876,31.292830169449672,30.874628412503398,32.66786540694902,33.21928094887362],"C":[13.114754098145662,16.666666666203707,27.99999999888,29.629629628532232,35.2941176449827,40.9090909072314,26.086956520604915,31.428571427673475,28.888888888246917,32.55813953412655,28.846153845599115,27.0833333327691,30.232558138831806,22.857142856489798,32.25806451508845,25.80645161207076,44.99999999775,52.17391304120983,55.99999999776,69.9999999965,49.99999999772727,46.51162790589508,40.50632911341131,35.365853658105294,34.56790123414113,34.4827586202933,37.49999999953125,38.70967741873049,44.999999998875005,48.64864864733383,41.30434782518904,42.857142856268226,39.28571428501276,36.61971830934338,34.54545454482645,35.294117646366786,40.90909090816116,39.393939392745644,41.66666666493056,38.888888886728395,47.4576271178397,48.913043477729204,50.53763440805873,51.48514851434173,48.38709677380333,51.35135135088873,50.72463768042428,49.999999998611116,48.936170211724765,42.26804123667765,46.75324675263957,52.27272727213326,49.999999999576275,49.62406015000283,51.773049645022894,58.69565217327505,53.225806451183665,51.666666666236104,55.752212388887145,55.14705882312392,54.3999999995648,58.08823529369054,61.363636363171494,61.832061068230296,61.66666666615278,58.26771653497427,58.13953488327024,56.77966101646796,57.777777777135796,51.48514851434173,44.44444444406457,49.39759036085063,44.927536231232935,43.283582088906215,44.736842104674515,43.03797468299952]}