{"A":[29.002791978661293,29.002791978661293,36.722495453045354,38.534917792515586,37.90620499476546,35.606824246219105,47.82632643288744,48.01090136917895,79.47851223251743,85.31010809253667,85.31010809253667,83.14534161729739,46.211715725995646,39.787131354919694,30.323319230722518,43.00625060249476,36.60250061974148,43.00073188888334,31.758158813088812,37.28565146588741,37.594560717587854,27.930427194391115,36.717660835385004,29.46469246442166,31.966907040917647,33.422349071617845,35.874729105958494,36.580391551624416,37.529021780903435,45.611484358020704,89.69289765976472,94.30494773024384,92.0912092296337,95.17140465339557,93.11450758327064,92.91261976790139,59.654795018545684,59.50605118435135,60.30314658498932,59.6582063265613,55.17066155660933,53.89469267849563,62.16805897331895,71.00233837901834,73.79648308349127,68.88798396830902,71.32673160641298,58.65015323903165,48.759533875646895,29.229507972164043,29.227959554751408,33.54643952594296,37.407559602719886,55.39029353570575,50.24924126619533],"B":[26.438561897747242,26.438561897747242,33.57552004618085,33.9231742277876,31.0852445677817,26.724253419714962,25.23561956057013,28.826430493618417,17.548875021634693,13.923174227787607,13.923174227787607,16.438561897747242,31.49747119504682,34.918530963296746,35.54588851677637,41.49747119504682,42.19168520462162,42.57387842692652,36.86500527183219,34.42943495848729,34.42943495848729,26.438561897747242,33.21928094887362,35.999128421871276,40.11227255423254,42.19168520462162,43.48728154231078,44.008794362821845,42.19168520462162,42.288186904958806,49.18863237274596,47.414669864011465,46.794800995054466,45.62242424221073,47.61551232444479,50.3342300153745,48.265484872909155,53.26429487122303,53.750394313469236,54.99845887083205,54.22064766172811,54.55327220304561,53.706874068072175,53.083390301394076,54.22064766172811,55.88714635582265,56.18385502258606,53.9231742277876,51.13742166049189,47.74787059601174,48.008998999203044,47.74787059601174,48.201789624151886,54.262647547020975,55.23561956057014],"C":[12.244897958933779,12.244897958933779,8.641975308535283,12.048192770939178,13.23529411745242,13.99999999972,17.777777777382717,29.310344827080858,61.53846153609468,59.999999996999996,59.999999996999996,62.49999999739584,68.57142857044897,64.04494381950511,63.4408602143716,58.86524822653287,59.459459459057705,58.552631578562156,52.94117647006921,54.65116279006219,55.81395348772309,59.18367346817993,58.22784810052875,57.29166666606987,55.468749999566654,47.97297297264883,48.14814814785094,50.59523809493693,45.9459459456355,42.953020133939916,43.153526970775296,44.131455398853845,44.60784313703624,42.55319148913536,51.8518518516118,51.724137930836314,57.07964601744655,64.68749999979785,64.65256797563549,64.54293628790985,61.69590643256814,65.4285714283845,66.66666666646465,64.8734177213137,63.15789473665744,65.88541666649509,67.85714285696976,69.55223880576253,72.82608695625787,67.43119266024115,70.72072072040217,61.00917431164675,58.66666666640593,63.55685131176806,65.12261580363727]}