{"A":[46.38591560133332,51.41696013495883,49.958902543525625,47.251192478461775],"B":[51.29283016944966,45.54588851677637,43.57552004618085,32.47927513443586],"C":[6.451612903202683,8.556149732574566,9.815950920185179,18.66666666641778]}