{"A":[0.5604064555867581,0.5604064555867581,0.2052209448712432,0.0012450999999344958,0.0012450999999344958,0.0012450999999344958,0.0012450999999344958,0.0012450999999344958,0.0012450999999344958,92.71924587633933,88.87816391226474,88.87816391226474,88.87816391226474,88.87816391226474,88.87816391226474,0.1864731375651587,78.27302998503271,78.27302998503271,78.27302998503271,78.27302998503271,78.27302998503271,78.27302998503271,3.6850000000754335E-5,3.6850000000754335E-5,3.6850000000754335E-5,3.6850000000754335E-5,3.6850000000754335E-5,3.6850000000754335E-5,3.6850000000754335E-5,3.6850000000754335E-5,3.6850000000754335E-5,3.6850000000754335E-5,3.6850000000754335E-5,3.6850000000754335E-5],"B":[0.0,0.0,0.0,0.0,0.0,0.0,0.0,0.0,0.0,13.219280948873626,13.923174227787607,15.23561956057013,15.23561956057013,15.23561956057013,15.23561956057013,0.0,16.438561897747242,15.23561956057013,15.23561956057013,15.23561956057013,15.23561956057013,15.23561956057013,0.0,0.0,0.0,0.0,0.0,0.0,0.0,0.0,0.0,0.0,0.0,0.0],"C":[0.0,0.0,0.0,0.0,0.0,0.0,0.0,0.0,0.0,31.578947366759003,29.999999998499998,27.2727272714876,27.2727272714876,27.2727272714876,27.2727272714876,0.0,0.0,0.0,0.0,0.0,0.0,0.0,0.0,0.0,0.0,0.0,0.0,0.0,0.0,0.0,0.0,0.0,0.0,0.0]}