{"A":[46.48112297552464,39.3863965497591,36.037489180013665,34.052406347589994,30.97344447062619,39.182437853696825,41.14973116265304,45.06790795248182,45.09714758261268,47.17966507235286,48.227010553523286,48.646989281408366,46.487140239486706,45.901364684707715],"B":[68.94817763307942,63.85862400641463,59.915218460756954,59.30737337562887,59.39579214314692,63.64134655008051,66.11024797307353,69.15879378835774,71.11135670234708,73.71776644337925,74.86835021563051,74.86835021563051,75.67956075415466,74.63524373271181],"C":[73.396424815906,68.86227544899872,62.59842519672717,56.05749486641467,58.16326530600375,61.398176291700004,62.74007682450353,67.35751295329807,68.86877828048065,74.6223564954119,75.73221757316895,75.31380753132824,78.64205669078534,78.1715095676271]}