{"A":[46.65412686960002,45.64780572528289,45.77682911655279,45.771965743955576,54.77100707903577,52.95300903466452,52.52119425404254,52.51110696269319,49.610275771229425,48.04576515782017,36.824610792500124,23.36269805496613,23.47312074205506,60.74201765651907,62.75576983238486,66.15034378479905],"B":[44.5121111183233,43.03780748177103,42.57387842692652,34.262647547020975,43.66322214245815,51.24121311829187,53.750394313469236,56.61778097771986,58.795832496127844,59.2481250360578,56.474584264549215,53.83704292474054,51.799090900149345,54.75733430966399,55.39158811108031,55.73647187493323],"C":[1.149425287349716,0.6369426751551788,0.6578947368377771,0.0,11.585365853587895,24.820143884802807,26.28398791532845,27.475247524684466,29.787234042489814,29.896907216433206,40.24999999989938,42.34234234221519,44.98269896178207,32.676056337936124,33.96226415085186,36.842105263060944]}