{"A":[45.66050559806777,43.90158990619412,48.95847418916483,52.96123099332965,60.03301278259724,63.27300892452371,63.59872828378096,64.89954283510195,49.686805072940444,48.25461572792577,39.21668500553986,39.21668500553986,40.01593733955548,36.99995281761741,32.902493020736614,38.17482911920382,32.19969619871412,24.696494842256598,27.9274705504219,27.901786231552066],"B":[61.267044728431905,61.89824558880018,64.57380879072537,63.64134655008051,64.797802640291,63.44295907915818,64.4086916761087,63.55351096424812,59.18863237274594,59.21840937074491,58.32890014164743,59.483672315846775,58.23367240046237,57.84634845557521,56.89997971419446,56.61778097771986,53.26429487122303,51.799090900149345,51.799090900149345,50.44394119358454],"C":[41.57706093182513,47.512864493915075,54.84330484322671,54.559270516634406,50.91164095364529,49.92295839745775,49.13544668580816,45.41284403662781,32.505175983369554,32.231404958611094,31.868131868061827,31.237322515149618,28.097345132681202,29.090909090842977,25.485436893142026,25.742574257362023,28.12499999991211,27.681660899558196,26.98961937706924,26.99619771852853]}